"year","month","date","Email","Fax","Phone","Postal mail","Referral","Web"
2011,12,1,0,0,15,2,63,40
2011,12,2,0,0,11,2,77,48
2011,12,3,0,0,0,0,0,26
2011,12,4,0,0,0,0,3,19
2011,12,5,0,1,10,3,108,42
2011,12,6,0,0,5,1,107,57
2011,12,7,2,1,15,6,41,35
2011,12,8,1,2,11,2,28,122
2011,12,9,0,0,6,2,22,38
2011,12,10,0,0,0,0,0,36
2011,12,11,0,0,0,0,1,58
2011,12,12,0,0,29,4,10,120
2011,12,13,0,0,11,7,15,101
2011,12,14,0,0,19,2,12,59
2011,12,15,1,0,4,2,15,42
2011,12,16,0,0,12,1,24,64
2011,12,17,0,0,1,0,1,26
2011,12,18,0,0,0,0,0,16
2011,12,19,0,3,11,0,26,51
2011,12,20,5,1,10,7,45,52
2011,12,21,0,0,6,0,42,63
2011,12,22,0,1,9,0,25,55
2011,12,23,0,1,3,2,15,39
2011,12,24,0,0,0,0,0,11
2011,12,25,0,0,0,0,0,10
2011,12,26,0,0,0,0,5,16
2011,12,27,0,0,7,1,17,55
2011,12,28,0,0,9,1,32,43
2011,12,29,1,0,5,1,40,37
2011,12,30,0,0,9,0,20,52
2011,12,31,0,0,0,1,1,23
2012,1,1,0,0,0,0,0,14
2012,1,2,0,0,0,0,0,27
2012,1,3,1,0,14,3,26,53
2012,1,4,0,1,8,8,12,77
2012,1,5,0,0,12,2,33,125
2012,1,6,0,3,8,4,17,173
2012,1,7,0,0,0,0,1,73
2012,1,8,0,0,0,0,1,47
2012,1,9,4,0,9,3,23,102
2012,1,10,3,0,10,10,13,106
2012,1,11,2,1,6,4,32,106
2012,1,12,2,0,10,3,13,78
2012,1,13,0,4,8,6,27,91
2012,1,14,0,0,0,1,0,41
2012,1,15,0,0,0,0,0,25
2012,1,16,0,0,0,0,0,54
2012,1,17,1,0,7,6,25,104
2012,1,18,0,1,11,7,34,95
2012,1,19,0,0,7,8,18,74
2012,1,20,2,2,4,1,14,69
2012,1,21,0,0,0,0,5,34
2012,1,22,0,0,0,0,20,26
2012,1,23,0,1,9,5,18,63
2012,1,24,0,0,10,13,51,81
2012,1,25,1,0,10,9,63,111
2012,1,26,0,0,10,4,74,105
2012,1,27,0,0,9,1,32,86
2012,1,28,0,0,1,0,0,33
2012,1,29,0,0,0,0,1,25
2012,1,30,3,0,5,5,44,79
2012,1,31,0,1,8,6,41,97
2012,2,1,1,1,6,2,63,84
2012,2,2,0,0,7,11,57,91
2012,2,3,0,0,8,5,60,73
2012,2,4,0,0,0,1,0,35
2012,2,5,0,0,0,0,0,33
2012,2,6,0,2,15,1,44,58
2012,2,7,0,1,7,7,69,90
2012,2,8,0,1,10,2,51,105
2012,2,9,0,0,14,2,72,90
2012,2,10,2,2,6,2,37,97
2012,2,11,0,0,0,0,0,40
2012,2,12,0,0,0,0,0,31
2012,2,13,2,1,13,1,57,75
2012,2,14,1,0,12,6,41,77
2012,2,15,1,1,12,0,66,74
2012,2,16,0,2,10,1,75,79
2012,2,17,0,1,10,3,106,88
2012,2,18,0,0,0,0,13,29
2012,2,19,0,0,0,0,6,16
2012,2,20,0,0,0,0,3,52
2012,2,21,0,0,8,0,55,80
2012,2,22,0,0,10,0,86,80
2012,2,23,1,0,8,0,69,98
2012,2,24,0,2,7,0,62,71
2012,2,25,0,0,1,1,0,39
2012,2,26,0,0,0,0,1,34
2012,2,27,0,0,12,0,47,71
2012,2,28,0,1,11,0,85,83
2012,2,29,1,0,7,2,79,67
2012,3,1,0,0,20,0,94,113
2012,3,2,0,1,19,0,74,103
2012,3,3,0,0,1,0,0,45
2012,3,4,0,0,0,0,0,58
2012,3,5,7,0,19,7,138,224
2012,3,6,1,4,36,11,111,188
2012,3,7,0,4,26,9,178,162
2012,3,8,0,2,33,17,60,139
2012,3,9,0,1,30,10,71,110
2012,3,10,0,4,3,35,20,44
2012,3,11,0,0,0,0,112,26
2012,3,12,1,0,23,11,151,86
2012,3,13,0,3,39,10,75,109
2012,3,14,2,4,37,12,118,118
2012,3,15,2,1,42,5,119,112
2012,3,16,1,2,22,4,45,72
2012,3,17,0,0,0,0,1,38
2012,3,18,0,0,0,0,0,23
2012,3,19,1,0,29,0,68,94
2012,3,20,3,3,31,13,77,87
2012,3,21,1,0,26,0,120,95
2012,3,22,0,1,38,17,145,79
2012,3,23,3,3,29,3,48,79
2012,3,24,0,0,0,0,0,46
2012,3,25,0,0,0,0,65,37
2012,3,26,1,1,30,0,213,100
2012,3,27,0,5,33,9,169,85
2012,3,28,2,1,32,5,86,118
2012,3,29,0,1,29,7,96,112
2012,3,30,3,0,31,3,58,66
2012,3,31,0,0,0,0,0,35
2012,4,1,0,0,0,0,4,39
2012,4,2,0,3,32,3,160,98
2012,4,3,1,0,30,0,115,90
2012,4,4,3,4,26,13,123,72
2012,4,5,1,4,33,15,108,88
2012,4,6,0,5,30,10,35,71
2012,4,7,0,0,0,0,0,30
2012,4,8,0,0,0,0,1,26
2012,4,9,1,3,49,5,172,79
2012,4,10,2,0,43,21,119,94
2012,4,11,2,6,43,18,168,105
2012,4,12,1,2,45,14,142,99
2012,4,13,0,8,36,22,59,80
2012,4,14,0,0,0,0,0,47
2012,4,15,0,0,0,0,0,25
2012,4,16,0,1,35,4,189,82
2012,4,17,0,0,35,7,116,84
2012,4,18,0,2,38,8,115,70
2012,4,19,0,2,30,5,198,75
2012,4,20,0,1,22,5,77,85
2012,4,21,0,0,0,0,0,47
2012,4,22,0,0,0,0,0,39
2012,4,23,2,1,33,1,108,68
2012,4,24,0,0,21,3,117,96
2012,4,25,1,4,27,13,178,76
2012,4,26,0,0,29,1,115,78
2012,4,27,0,3,23,22,126,69
2012,4,28,0,0,0,0,0,35
2012,4,29,0,0,0,0,27,32
2012,4,30,0,2,41,7,83,106
2012,5,1,0,3,41,4,69,106
2012,5,2,1,3,39,28,124,89
2012,5,3,1,3,36,12,170,88
2012,5,4,0,4,18,18,45,64
2012,5,5,0,8,0,43,19,38
2012,5,6,0,0,0,0,0,29
2012,5,7,0,1,45,0,128,67
2012,5,8,1,3,35,19,104,113
2012,5,9,0,1,32,13,121,79
2012,5,10,1,2,37,22,107,85
2012,5,11,0,1,18,10,93,96
2012,5,12,0,0,2,0,0,24
2012,5,13,0,0,0,0,0,18
2012,5,14,0,0,30,22,153,77
2012,5,15,0,0,26,17,485,101
2012,5,16,0,2,25,23,145,93
2012,5,17,0,0,35,22,439,86
2012,5,18,0,2,29,33,291,79
2012,5,19,0,0,1,0,274,31
2012,5,20,0,0,0,0,290,27
2012,5,21,1,2,35,19,317,82
2012,5,22,0,1,34,13,88,66
2012,5,23,2,1,24,28,37,83
2012,5,24,0,0,26,17,106,77
2012,5,25,0,0,23,23,14,75
2012,5,26,0,0,1,0,1,33
2012,5,27,0,0,0,0,1,18
2012,5,28,0,0,0,0,8,17
2012,5,29,0,3,32,31,107,89
2012,5,30,1,4,30,49,177,88
2012,5,31,0,6,30,44,329,105
2012,6,1,0,5,29,49,263,71
2012,6,2,0,4,2,120,9,38
2012,6,3,0,0,0,0,7,21
2012,6,4,3,1,37,122,268,125
2012,6,5,0,4,34,99,286,70
2012,6,6,0,0,45,115,214,73
2012,6,7,0,0,32,117,117,75
2012,6,8,1,7,43,106,102,83
2012,6,9,0,1,0,1,0,49
2012,6,10,0,0,0,0,0,31
2012,6,11,3,3,33,40,125,89
2012,6,12,0,0,32,27,63,94
2012,6,13,0,2,32,57,211,92
2012,6,14,4,1,23,51,88,129
2012,6,15,0,0,27,27,78,374
2012,6,16,0,0,0,0,1,34
2012,6,17,0,0,0,0,0,43
2012,6,18,0,4,36,20,124,102
2012,6,19,0,2,26,8,87,391
2012,6,20,2,6,33,28,73,221
2012,6,21,2,3,31,7,165,148
2012,6,22,0,2,24,10,55,142
2012,6,23,0,0,1,0,4,61
2012,6,24,0,0,0,0,0,41
2012,6,25,0,0,40,14,90,94
2012,6,26,1,1,31,19,136,115
2012,6,27,0,3,27,42,86,113
2012,6,28,1,1,29,28,84,106
2012,6,29,1,1,20,16,86,88
2012,6,30,0,0,0,0,2,45
2012,7,1,1,0,0,0,0,29
2012,7,2,0,6,40,15,49,104
2012,7,3,0,0,41,11,107,107
2012,7,4,0,0,2,0,0,32
2012,7,5,6,7,27,10,152,89
2012,7,6,0,11,36,38,83,89
2012,7,7,0,0,2,0,1,46
2012,7,8,0,0,0,0,0,48
2012,7,9,2,17,48,16,144,115
2012,7,10,1,5,44,47,136,106
2012,7,11,0,8,44,20,117,120
2012,7,12,0,2,38,5,142,98
2012,7,13,0,6,41,11,73,108
2012,7,14,0,0,0,0,0,41
2012,7,15,0,0,0,0,2,32
2012,7,16,0,2,51,15,88,127
2012,7,17,0,4,34,16,205,136
2012,7,18,0,1,33,10,182,141
2012,7,19,1,4,30,18,49,139
2012,7,20,1,5,38,10,136,102
2012,7,21,0,0,0,0,0,69
2012,7,22,0,0,0,0,0,56
2012,7,23,0,11,39,9,227,137
2012,7,24,0,4,39,14,92,141
2012,7,25,0,7,31,25,52,142
2012,7,26,0,8,29,18,166,119
2012,7,27,0,15,31,19,34,107
2012,7,28,0,0,0,0,0,48
2012,7,29,0,0,0,0,0,37
2012,7,30,1,4,41,11,122,96
2012,7,31,0,0,31,20,226,121
2012,8,1,0,20,21,6,125,127
2012,8,2,0,12,28,7,166,127
2012,8,3,2,0,32,26,122,113
2012,8,4,0,0,1,0,0,47
2012,8,5,0,0,0,0,0,25
2012,8,6,0,15,35,16,122,107
2012,8,7,0,7,32,22,239,143
2012,8,8,1,10,16,23,144,92
2012,8,9,0,1,31,10,122,113
2012,8,10,0,1,23,7,151,115
2012,8,11,0,0,0,0,0,58
2012,8,12,0,0,0,0,0,35
2012,8,13,0,3,38,15,85,113
2012,8,14,0,8,31,7,136,135
2012,8,15,0,5,25,16,145,108
2012,8,16,0,1,21,16,103,127
2012,8,17,0,3,26,15,63,98
2012,8,18,0,0,0,0,0,45
2012,8,19,0,0,0,0,1,36
2012,8,20,4,4,33,8,126,100
2012,8,21,0,3,23,15,117,134
2012,8,22,0,7,30,4,77,114
2012,8,23,0,5,22,23,133,121
2012,8,24,0,1,23,19,91,110
2012,8,25,0,0,0,25,2,43
2012,8,26,0,0,0,0,3,27
2012,8,27,3,5,36,12,109,104
2012,8,28,2,6,22,14,124,99
2012,8,29,1,9,28,31,166,112
2012,8,30,0,1,35,13,100,100
2012,8,31,3,6,19,9,52,86
2012,9,1,0,0,0,0,1,37
2012,9,2,0,0,0,0,0,20
2012,9,3,0,0,0,0,0,27
2012,9,4,0,0,28,22,110,91
2012,9,5,1,5,24,13,133,90
2012,9,6,1,5,27,33,82,103
2012,9,7,0,3,21,8,67,94
2012,9,8,0,0,1,0,0,53
2012,9,9,0,0,0,0,2,36
2012,9,10,0,10,37,13,168,98
2012,9,11,0,6,25,15,80,115
2012,9,12,1,5,25,18,128,89
2012,9,13,1,3,33,12,146,103
2012,9,14,0,10,24,16,112,107
2012,9,15,0,0,0,0,0,52
2012,9,16,0,0,0,0,0,40
2012,9,17,1,9,25,17,86,120
2012,9,18,1,6,20,30,107,135
2012,9,19,1,8,22,23,150,111
2012,9,20,2,6,20,18,105,99
2012,9,21,0,4,27,12,83,86
2012,9,22,0,0,0,0,0,32
2012,9,23,0,0,0,0,0,33
2012,9,24,0,6,25,13,125,103
2012,9,25,0,8,28,19,111,126
2012,9,26,0,4,31,4,117,102
2012,9,27,0,1,28,14,124,106
2012,9,28,2,4,27,12,104,127
2012,9,29,0,0,0,0,0,59
2012,9,30,0,0,0,0,0,34
2012,10,1,1,5,21,16,93,126
2012,10,2,0,5,36,6,85,170
2012,10,3,0,1,28,29,110,117
2012,10,4,0,3,24,8,86,104
2012,10,5,0,9,24,15,73,96
2012,10,6,0,0,0,0,0,38
2012,10,7,0,0,0,0,42,43
2012,10,8,0,0,0,0,3,84
2012,10,9,0,4,26,11,103,129
2012,10,10,0,6,25,13,90,119
2012,10,11,0,1,24,13,122,127
2012,10,12,0,1,25,29,108,112
2012,10,13,0,0,0,0,0,37
2012,10,14,0,0,0,0,0,63
2012,10,15,0,16,28,24,67,106
2012,10,16,0,7,21,21,145,139
2012,10,17,0,2,19,34,150,112
2012,10,18,0,0,30,14,130,110
2012,10,19,0,0,21,20,73,107
2012,10,20,0,0,0,0,0,47
2012,10,21,0,0,0,0,0,34
2012,10,22,0,13,33,22,120,123
2012,10,23,1,5,36,11,89,164
2012,10,24,3,1,22,9,99,201
2012,10,25,0,4,22,2,95,166
2012,10,26,0,0,23,31,91,134
2012,10,27,0,6,0,31,8,98
2012,10,28,0,0,0,0,1,68
2012,10,29,0,19,14,21,85,126
2012,10,30,0,1,17,38,94,134
2012,10,31,0,4,19,35,80,156
2012,11,1,1,7,13,23,97,154
2012,11,2,0,3,21,7,81,140
2012,11,3,0,0,0,0,1,58
2012,11,4,0,0,0,0,0,74
2012,11,5,0,4,26,9,90,125
2012,11,6,0,17,18,42,68,142
2012,11,7,0,0,21,38,82,126
2012,11,8,0,7,17,2,70,162
2012,11,9,0,8,15,8,59,118
2012,11,10,0,0,2,0,15,64
2012,11,11,0,0,0,0,2,49
2012,11,12,0,0,0,0,7,90
2012,11,13,0,9,21,17,72,155
2012,11,14,1,1,17,33,52,171
2012,11,15,0,5,20,37,167,139
2012,11,16,0,4,18,28,71,137
2012,11,17,0,0,0,0,22,70
2012,11,18,0,0,0,0,0,53
2012,11,19,0,3,16,23,62,129
2012,11,20,0,14,18,35,148,158
2012,11,21,0,6,14,35,87,137
2012,11,22,0,0,0,0,40,31
2012,11,23,1,7,3,24,38,48
2012,11,24,0,0,0,0,15,44
2012,11,25,0,0,0,0,0,59
2012,11,26,0,10,35,0,106,133
2012,11,27,1,3,22,31,159,150
2012,11,28,1,5,21,30,112,140
2012,11,29,0,9,24,25,49,142
2012,11,30,0,9,15,13,78,118
2012,12,1,0,0,1,0,1,48
2012,12,2,0,0,0,0,0,38
2012,12,3,4,4,17,16,51,134
2012,12,4,0,9,24,33,57,140
2012,12,5,0,0,24,13,66,145
2012,12,6,0,8,22,10,54,141
2012,12,7,0,2,25,2,54,135
2012,12,8,0,0,2,0,0,68
2012,12,9,0,0,0,0,0,38
2012,12,10,0,9,16,21,37,131
2012,12,11,0,2,24,20,68,126
2012,12,12,0,7,32,63,90,160
2012,12,13,0,7,27,34,66,143
2012,12,14,0,7,21,22,52,123
2012,12,15,0,0,0,0,0,64
2012,12,16,0,0,0,0,0,48
2012,12,17,0,13,21,17,25,111
2012,12,18,0,8,30,33,120,156
2012,12,19,1,2,20,21,263,155
2012,12,20,1,6,16,15,267,137
2012,12,21,0,5,12,5,235,111
2012,12,22,0,0,0,0,66,58
2012,12,23,0,0,0,0,0,31
2012,12,24,0,1,3,0,150,60
2012,12,25,0,0,0,0,143,17
2012,12,26,0,9,18,10,25,102
2012,12,27,1,4,22,53,46,146
2012,12,28,0,12,24,21,107,143
2012,12,29,0,0,0,0,11,74
2012,12,30,0,0,1,0,0,47
2012,12,31,1,15,8,47,59,91
2013,1,1,0,0,0,0,28,55
2013,1,2,0,7,29,18,34,111
2013,1,3,1,0,27,27,142,160
2013,1,4,0,7,29,16,98,157
2013,1,5,0,0,0,0,21,69
2013,1,6,0,0,0,0,1,51
2013,1,7,1,10,34,11,55,125
2013,1,8,0,6,41,21,371,146
2013,1,9,0,4,32,33,227,171
2013,1,10,0,7,27,11,180,170
2013,1,11,0,1,27,20,206,273
2013,1,12,0,13,4,49,57,63
2013,1,13,0,0,0,0,0,61
2013,1,14,1,14,26,16,145,268
2013,1,15,1,3,26,18,211,280
2013,1,16,0,1,31,28,218,241
2013,1,17,3,17,26,11,176,238
2013,1,18,0,3,36,18,149,244
2013,1,19,0,4,2,9,48,69
2013,1,20,0,0,0,0,0,56
2013,1,21,0,0,0,0,0,97
2013,1,22,0,16,34,20,97,222
2013,1,23,0,12,30,35,116,213
2013,1,24,0,4,39,41,165,214
2013,1,25,0,7,23,19,133,219
2013,1,26,0,6,0,21,65,89
2013,1,27,0,0,0,0,0,63
2013,1,28,0,17,32,17,57,199
2013,1,29,0,5,41,9,148,223
2013,1,30,3,7,21,45,62,230
2013,1,31,0,4,26,17,165,231
2013,2,1,1,11,30,11,207,213
2013,2,2,0,8,4,10,5,92
2013,2,3,0,0,0,0,0,55
2013,2,4,0,12,28,27,90,237
2013,2,5,0,2,35,22,79,286
2013,2,6,1,9,31,10,93,239
2013,2,7,1,13,26,9,291,234
2013,2,8,2,2,29,23,225,174
2013,2,9,0,0,2,6,53,69
2013,2,10,0,0,0,0,1,48
2013,2,11,0,23,34,32,178,180
2013,2,12,2,12,39,44,127,203
2013,2,13,2,8,35,31,156,177
2013,2,14,1,10,39,17,172,134
2013,2,15,9,5,32,28,117,148
2013,2,16,0,0,1,1,29,103
2013,2,17,0,0,0,0,2,62
2013,2,18,1,0,0,0,0,110
2013,2,19,0,16,41,29,95,172
2013,2,20,0,13,27,40,170,235
2013,2,21,0,7,27,46,80,198
2013,2,22,0,13,44,25,190,201
2013,2,23,0,0,3,0,2,29
2013,2,24,0,0,0,0,0,51
2013,2,25,2,11,27,8,85,175
2013,2,26,3,3,26,40,62,240
2013,2,27,0,11,21,29,62,192
2013,2,28,0,5,24,27,30,152
2013,3,1,0,5,23,19,222,148
2013,3,2,0,0,3,0,0,72
2013,3,3,0,0,0,0,0,66
2013,3,4,0,11,39,15,183,160
2013,3,5,1,0,40,30,124,169
2013,3,6,0,10,34,74,171,176
2013,3,7,1,6,32,16,176,169
2013,3,8,1,14,32,6,205,150
2013,3,9,0,0,0,13,16,84
2013,3,10,0,0,0,0,0,49
2013,3,11,1,10,38,11,88,161
2013,3,12,2,2,32,15,104,196
2013,3,13,0,10,33,40,93,187
2013,3,14,7,9,25,20,134,187
2013,3,15,2,6,44,11,155,145
2013,3,16,0,0,0,0,9,49
2013,3,17,0,0,0,0,0,57
2013,3,18,0,11,41,16,174,145
2013,3,19,1,0,41,29,135,203
2013,3,20,2,4,29,24,181,153
2013,3,21,4,10,33,15,151,169
2013,3,22,2,4,25,15,67,152
2013,3,23,0,0,1,0,0,81
2013,3,24,0,0,0,0,0,76
2013,3,25,1,20,26,11,179,194
2013,3,26,3,4,25,64,90,188
2013,3,27,1,5,24,41,72,147
2013,3,28,0,11,25,20,212,173
2013,3,29,0,6,23,19,246,180
2013,3,30,0,0,1,0,0,82
2013,3,31,0,0,0,0,0,49
2013,4,1,1,17,38,39,88,187
2013,4,2,0,6,21,38,95,218
2013,4,3,0,9,28,21,144,172
2013,4,4,0,8,27,7,68,188
2013,4,5,0,4,39,7,131,169
2013,4,6,0,0,0,0,0,66
2013,4,7,0,0,0,0,0,89
2013,4,8,0,15,30,32,150,182
2013,4,9,1,1,30,69,151,233
2013,4,10,0,3,25,12,135,195
2013,4,11,0,17,29,15,108,172
2013,4,12,0,6,40,8,101,150
2013,4,13,0,0,1,0,6,80
2013,4,14,0,0,0,0,0,70
2013,4,15,0,13,35,20,163,144
2013,4,16,0,10,30,45,83,223
2013,4,17,3,9,27,30,184,174
2013,4,18,0,7,29,10,96,136
2013,4,19,0,7,28,17,114,155
2013,4,20,0,0,1,0,1,63
2013,4,21,0,0,0,0,0,68
2013,4,22,0,4,31,53,70,192
2013,4,23,1,7,37,32,78,212
2013,4,24,0,6,25,45,161,177
2013,4,25,2,11,16,19,144,169
2013,4,26,1,11,24,25,125,164
2013,4,27,0,0,0,0,1,71
2013,4,28,0,0,0,0,2,85
2013,4,29,0,10,46,45,147,155
2013,4,30,2,0,39,28,80,162
2013,5,1,2,5,23,16,139,150
2013,5,2,1,12,33,9,62,167
2013,5,3,0,9,26,8,129,162
2013,5,4,0,0,1,0,0,70
2013,5,5,0,0,0,0,0,58
2013,5,6,0,13,37,48,139,153
2013,5,7,1,4,41,24,128,198
2013,5,8,1,0,45,30,132,181
2013,5,9,2,13,26,25,133,153
2013,5,10,0,13,28,23,115,165
2013,5,11,0,0,0,0,0,84
2013,5,12,0,0,0,0,1,57
2013,5,13,0,15,38,20,97,157
2013,5,14,0,3,35,32,110,188
2013,5,15,0,2,36,25,179,144
2013,5,16,0,8,26,17,107,170
2013,5,17,0,8,28,25,43,173
2013,5,18,0,0,0,0,0,77
2013,5,19,0,0,0,0,1,40
2013,5,20,1,18,35,4,157,144
2013,5,21,0,0,31,24,149,174
2013,5,22,0,1,31,10,194,185
2013,5,23,0,3,28,26,157,167
2013,5,24,1,10,24,28,58,140
2013,5,25,0,0,0,0,1,69
2013,5,26,0,0,0,0,0,47
2013,5,27,0,0,0,0,60,45
2013,5,28,1,11,33,15,39,172
2013,5,29,1,19,42,16,129,189
2013,5,30,1,2,34,33,79,178
2013,5,31,0,5,24,22,52,152
2013,6,1,0,0,0,0,67,72
2013,6,2,0,0,0,0,0,64
2013,6,3,0,12,39,2,171,179
2013,6,4,0,13,42,18,97,182
2013,6,5,0,1,44,25,77,168
2013,6,6,2,4,33,31,134,150
2013,6,7,0,8,28,9,113,150
2013,6,8,0,0,1,0,7,87
2013,6,9,0,0,0,0,0,52
2013,6,10,2,15,36,31,73,142
2013,6,11,5,9,36,38,70,186
2013,6,12,0,10,30,38,83,171
2013,6,13,1,8,30,32,107,137
2013,6,14,0,7,37,16,151,153
2013,6,15,0,3,0,12,35,96
2013,6,16,0,0,0,0,1,89
2013,6,17,2,19,51,25,67,203
2013,6,18,0,5,31,6,89,230
2013,6,19,0,6,30,21,80,211
2013,6,20,1,6,34,24,157,196
2013,6,21,0,0,29,7,150,174
2013,6,22,0,4,1,27,42,78
2013,6,23,0,0,0,0,0,62
2013,6,24,0,21,53,6,35,188
2013,6,25,0,1,39,50,62,184
2013,6,26,0,5,22,43,129,172
2013,6,27,0,6,29,29,149,192
2013,6,28,2,1,31,28,145,174
2013,6,29,0,3,0,26,32,80
2013,6,30,0,0,0,0,0,58
2013,7,1,0,7,34,9,87,173
2013,7,2,0,0,1,0,82,167
2013,7,3,4,8,38,13,37,147
2013,7,4,0,0,3,0,2,68
2013,7,5,0,6,28,11,43,118
2013,7,6,0,4,1,23,24,69
2013,7,7,0,0,0,0,1,56
2013,7,8,0,10,55,26,131,179
2013,7,9,1,4,34,6,146,201
2013,7,10,0,10,34,19,188,249
2013,7,11,2,13,22,83,142,193
2013,7,12,0,13,38,61,132,176
2013,7,13,0,6,0,11,18,71
2013,7,14,0,0,0,0,0,56
2013,7,15,0,18,35,71,160,194
2013,7,16,0,2,39,57,65,189
2013,7,17,1,7,37,48,121,285
2013,7,18,0,9,45,11,148,213
2013,7,19,0,8,49,50,122,190
2013,7,20,0,0,1,0,1,83
2013,7,21,0,0,0,0,0,70
2013,7,22,0,1,54,20,57,212
2013,7,23,0,13,50,15,80,229
2013,7,24,0,10,45,27,178,198
2013,7,25,1,6,31,34,105,197
2013,7,26,0,5,57,16,101,200
2013,7,27,0,0,1,0,0,106
2013,7,28,0,0,0,0,1,68
2013,7,29,0,9,48,20,130,209
2013,7,30,0,8,43,25,73,192
2013,7,31,0,10,44,59,143,217
2013,8,1,0,5,43,35,127,194
2013,8,2,0,4,34,26,91,188
2013,8,3,0,4,1,19,27,97
2013,8,4,0,0,0,0,1,59
2013,8,5,3,0,67,13,112,202
2013,8,6,1,8,41,19,68,214
2013,8,7,0,5,65,29,82,234
2013,8,8,1,5,49,37,73,227
2013,8,9,2,7,51,13,144,241
2013,8,10,0,11,3,17,38,112
2013,8,11,0,0,0,0,1,79
2013,8,12,0,16,64,34,122,212
2013,8,13,0,9,54,14,60,209
2013,8,14,0,3,33,29,135,212
2013,8,15,0,10,37,31,91,199
2013,8,16,0,3,56,38,79,166
2013,8,17,0,0,1,24,24,89
2013,8,18,0,0,0,6,9,67
2013,8,19,0,12,56,50,78,205
2013,8,20,0,5,45,37,61,219
2013,8,21,0,12,48,24,85,182
2013,8,22,0,8,39,14,77,180
2013,8,23,0,6,37,4,136,179
2013,8,24,0,14,1,61,36,102
2013,8,25,0,2,0,27,12,55
2013,8,26,1,14,55,33,73,220
2013,8,27,0,10,52,51,63,204
2013,8,28,0,5,50,65,161,197
2013,8,29,0,15,45,44,96,182
2013,8,30,1,11,52,70,68,155
2013,8,31,0,1,0,2,0,95
2013,9,1,0,0,0,0,1,75
2013,9,2,0,0,0,0,0,84
2013,9,3,2,12,43,8,85,174
2013,9,4,0,6,39,79,49,207
2013,9,5,0,2,49,47,129,258
2013,9,6,0,2,52,19,96,241
2013,9,7,0,10,0,16,6,128
2013,9,8,0,0,0,0,0,79
2013,9,9,0,9,58,66,78,222
2013,9,10,1,7,49,43,73,284
2013,9,11,2,7,57,38,86,248
2013,9,12,1,8,56,18,88,245
2013,9,13,1,9,55,20,67,223
2013,9,14,0,0,1,0,0,108
2013,9,15,0,0,0,0,0,90
2013,9,16,1,11,65,30,107,256
2013,9,17,0,9,49,53,28,268
2013,9,18,0,4,46,30,133,291
2013,9,19,2,4,46,22,144,237
2013,9,20,0,5,38,47,95,240
2013,9,21,0,0,0,0,0,141
2013,9,22,0,0,0,0,0,90
2013,9,23,1,7,55,23,71,209
2013,9,24,1,6,55,50,87,307
2013,9,25,0,7,35,27,101,249
2013,9,26,0,6,45,10,63,281
2013,9,27,1,1,51,35,88,234
2013,9,28,0,1,0,63,4,93
2013,9,29,0,4,0,8,2,96
2013,9,30,0,10,45,48,91,257
2013,10,1,0,8,27,80,67,226
2013,10,2,1,9,16,61,69,189
2013,10,3,4,3,15,22,131,183
2013,10,4,1,8,22,36,68,133
2013,10,5,0,0,1,0,0,84
2013,10,6,0,0,0,0,0,75
2013,10,7,0,7,20,67,59,162
2013,10,8,0,8,20,102,53,180
2013,10,9,0,4,35,17,90,169
2013,10,10,1,9,29,1,66,168
2013,10,11,0,5,15,51,69,148
2013,10,12,0,0,1,0,0,77
2013,10,13,0,0,0,0,0,46
2013,10,14,0,0,0,0,0,133
2013,10,15,0,17,21,43,72,169
2013,10,16,0,6,28,67,62,172
2013,10,17,0,8,37,33,73,254
2013,10,18,0,3,53,11,78,216
2013,10,19,0,0,2,0,0,134
2013,10,20,0,0,0,0,0,102
2013,10,21,0,3,18,17,56,246
2013,10,22,0,7,50,80,63,298
2013,10,23,0,8,37,40,76,285
2013,10,24,1,7,49,20,117,261
2013,10,25,0,7,48,19,39,262
2013,10,26,0,0,1,0,1,117
2013,10,27,0,0,0,0,0,94
2013,10,28,0,8,49,101,60,240
2013,10,29,0,9,49,57,104,304
2013,10,30,0,6,37,4,194,257
2013,10,31,0,4,41,4,163,211
2013,11,1,0,5,37,50,134,235
2013,11,2,0,0,0,0,1,146
2013,11,3,0,0,0,0,2,79
2013,11,4,0,12,53,96,86,210
2013,11,5,1,5,47,111,92,252
2013,11,6,0,8,45,39,101,256
2013,11,7,0,11,53,20,71,255
2013,11,8,0,8,47,34,56,230
2013,11,9,0,0,5,0,10,127
2013,11,10,0,0,0,0,0,106
2013,11,11,0,0,0,0,0,193
2013,11,12,0,20,57,41,58,242
2013,11,13,0,5,53,31,154,288
2013,11,14,0,8,62,42,52,301
2013,11,15,0,2,46,19,93,243
2013,11,16,0,0,4,0,2,143
2013,11,17,0,0,0,0,0,91
2013,11,18,1,12,55,26,97,210
2013,11,19,0,6,55,55,105,261
2013,11,20,0,6,45,33,80,254
2013,11,21,0,4,47,17,98,245
2013,11,22,0,10,36,22,41,240
2013,11,23,0,0,1,0,11,124
2013,11,24,0,0,0,0,0,85
2013,11,25,0,9,55,65,51,300
2013,11,26,1,4,40,72,40,253
2013,11,27,0,3,30,16,111,213
2013,11,28,0,0,0,3,29,60
2013,11,29,0,4,18,27,33,126
2013,11,30,0,0,2,3,0,83
2013,12,1,0,0,0,0,1,86
2013,12,2,0,10,53,23,52,252
2013,12,3,0,10,55,50,40,298
2013,12,4,0,9,47,11,111,236
2013,12,5,0,13,40,3,95,241
2013,12,6,0,6,45,35,28,246
2013,12,7,0,0,0,0,1,105
2013,12,8,0,0,0,0,0,81
2013,12,9,0,7,42,50,16,237
2013,12,10,0,11,44,44,87,260
2013,12,11,1,11,46,9,95,270
2013,12,12,4,14,54,13,91,265
2013,12,13,1,8,43,35,53,259
2013,12,14,0,0,5,0,4,114
2013,12,15,0,0,0,0,0,88
2013,12,16,0,9,73,40,30,246
2013,12,17,0,8,56,46,86,254
2013,12,18,0,12,42,5,122,259
2013,12,19,0,9,37,23,84,249
2013,12,20,0,5,43,11,74,241
2013,12,21,0,0,2,0,43,134
2013,12,22,0,0,0,0,0,101
2013,12,23,0,9,45,52,41,233
2013,12,24,0,14,19,23,84,145
2013,12,25,0,0,0,0,20,36
2013,12,26,0,3,35,56,88,177
2013,12,27,1,2,30,52,58,281
2013,12,28,0,1,0,0,1,129
2013,12,29,0,0,0,0,0,134
2013,12,30,0,2,49,41,62,270
2013,12,31,0,11,31,24,50,257
2014,1,1,0,0,1,1,1,95
2014,1,2,0,8,37,15,63,272
2014,1,3,0,7,34,28,72,258
2014,1,4,0,0,0,1,21,156
2014,1,5,0,0,0,0,0,86
2014,1,6,0,3,41,28,81,250
2014,1,7,1,12,46,50,80,317
2014,1,8,0,15,52,41,89,305
2014,1,9,0,8,51,56,144,341
2014,1,10,0,0,36,72,85,316
2014,1,11,0,13,0,70,15,209
2014,1,12,0,0,0,0,0,132
2014,1,13,0,4,58,27,67,328
2014,1,14,0,6,48,31,65,381
2014,1,15,0,15,47,35,112,333
2014,1,16,0,13,63,12,102,349
2014,1,17,0,12,54,49,100,331
2014,1,18,0,1,4,2,6,180
2014,1,19,0,0,0,0,0,125
2014,1,20,0,0,0,0,0,257
2014,1,21,0,14,53,47,49,336
2014,1,22,0,7,52,61,112,415
2014,1,23,0,11,52,75,138,382
2014,1,24,0,13,63,31,64,362
2014,1,25,0,0,2,4,37,176
2014,1,26,0,0,0,0,0,162
2014,1,27,0,7,51,12,42,309
2014,1,28,0,11,61,20,53,352
2014,1,29,0,6,43,10,136,350
2014,1,30,0,5,54,59,69,378
2014,1,31,0,6,58,48,47,380
2014,2,1,0,0,2,1,4,166
2014,2,2,0,0,0,0,0,140
2014,2,3,0,13,44,36,24,292
2014,2,4,0,8,38,47,85,441
2014,2,5,0,12,46,47,72,358
2014,2,6,0,13,47,25,176,334
2014,2,7,0,13,31,82,96,335
2014,2,8,0,3,2,51,11,192
2014,2,9,0,0,0,0,1,212
2014,2,10,0,12,45,39,127,391
2014,2,11,0,2,47,79,70,401
2014,2,12,0,6,40,75,57,376
2014,2,13,0,10,32,56,185,361
2014,2,14,0,15,32,70,138,331
2014,2,15,0,0,2,0,8,183
2014,2,16,0,0,0,0,0,121
2014,2,17,0,0,0,0,0,262
2014,2,18,0,14,56,24,43,364
2014,2,19,0,4,48,18,150,404
2014,2,20,0,5,48,8,137,398
2014,2,21,1,5,51,105,152,369
2014,2,22,0,25,1,60,12,192
2014,2,23,0,0,0,0,0,169
2014,2,24,0,11,55,37,86,355
2014,2,25,1,10,50,40,55,386
2014,2,26,0,20,48,89,84,447
2014,2,27,0,9,30,38,156,445
2014,2,28,0,9,33,36,179,403
2014,3,1,0,8,2,26,36,169
2014,3,2,0,0,0,0,1,127
2014,3,3,0,11,45,45,43,337
2014,3,4,0,5,59,23,88,382
2014,3,5,0,13,38,107,101,384
2014,3,6,0,7,39,36,133,397
2014,3,7,0,10,39,53,160,349
2014,3,8,0,5,2,53,12,104
2014,3,9,0,0,0,0,0,5
2014,3,10,0,9,40,10,77,333
2014,3,11,0,4,58,62,35,460
2014,3,12,0,10,38,37,139,425
2014,3,13,0,11,45,42,93,417
2014,3,14,1,14,46,32,189,325
2014,3,15,0,17,0,53,16,171
2014,3,16,0,0,0,0,0,172
2014,3,17,0,10,42,42,45,410
2014,3,18,0,5,40,46,73,452
2014,3,19,0,7,31,48,141,382
2014,3,20,0,8,37,14,126,395
2014,3,21,0,18,28,56,97,339
2014,3,22,0,0,0,0,0,199
2014,3,23,0,0,0,0,1,139
2014,3,24,0,11,62,22,74,362
2014,3,25,0,7,52,53,32,436
2014,3,26,0,16,45,66,141,436
2014,3,27,0,1,46,14,190,374
2014,3,28,0,19,47,71,57,365
2014,3,29,0,0,0,0,1,200
2014,3,30,0,0,0,0,1,139
2014,3,31,0,6,67,27,65,372
2014,4,1,0,15,42,27,109,385
2014,4,2,0,11,34,29,139,377
2014,4,3,0,8,39,55,121,380
2014,4,4,0,6,36,24,119,315
2014,4,5,0,7,3,14,27,183
2014,4,6,0,0,0,0,0,121
2014,4,7,0,10,41,42,123,348
2014,4,8,0,7,45,34,46,404
2014,4,9,0,6,41,94,75,364
2014,4,10,1,5,52,57,215,344
2014,4,11,1,12,41,45,117,366
2014,4,12,0,0,1,5,1,182
2014,4,13,0,0,0,0,1,112
2014,4,14,0,2,40,31,71,347
2014,4,15,0,2,41,48,74,417
2014,4,16,0,11,39,54,62,437
2014,4,17,0,4,37,42,100,407
2014,4,18,0,2,29,14,130,310
2014,4,19,0,0,0,0,2,55
2014,4,20,0,0,0,0,0,78
2014,4,21,0,9,42,47,73,356
2014,4,22,0,6,51,82,57,390
2014,4,23,0,8,55,34,173,432
2014,4,24,0,10,32,9,123,407
2014,4,25,0,7,24,51,113,361
2014,4,26,0,0,2,0,0,160
2014,4,27,0,0,0,0,0,122
2014,4,28,0,23,38,62,111,344
2014,4,29,0,1,33,2,183,370
2014,4,30,0,4,39,47,211,386
2014,5,1,0,8,47,93,58,299
2014,5,2,0,10,24,48,81,314
2014,5,3,0,0,1,0,0,126
2014,5,4,0,0,0,0,0,116
2014,5,5,0,9,31,46,102,296
2014,5,6,0,7,50,66,51,388
2014,5,7,0,8,46,6,230,372
2014,5,8,0,6,28,36,68,323
2014,5,9,1,4,35,56,62,311
2014,5,10,0,0,0,0,0,121
2014,5,11,0,0,0,0,0,87
2014,5,12,0,14,44,60,122,347
2014,5,13,0,13,39,43,51,376
2014,5,14,1,2,25,6,199,382
2014,5,15,0,10,32,14,100,369
2014,5,16,0,11,39,23,68,337
2014,5,17,0,0,1,0,0,152
2014,5,18,0,0,0,0,0,107
2014,5,19,0,12,40,16,53,360
2014,5,20,0,5,38,24,67,405
2014,5,21,0,7,47,51,110,381
2014,5,22,0,5,32,40,63,351
2014,5,23,0,8,33,27,61,310
2014,5,24,0,0,0,0,0,119
2014,5,25,0,0,0,0,0,121
2014,5,26,0,0,0,0,2,90
2014,5,27,0,6,46,49,90,291
2014,5,28,0,16,51,88,53,354
2014,5,29,1,16,34,53,121,400
2014,5,30,0,12,31,47,67,275
2014,5,31,0,0,0,3,0,128
2014,6,1,0,0,0,0,0,137
2014,6,2,0,1,42,23,54,349
2014,6,3,0,8,45,49,52,373
2014,6,4,1,1,42,74,65,383
2014,6,5,0,5,36,19,80,378
2014,6,6,0,6,36,30,47,348
2014,6,7,0,0,1,0,0,134
2014,6,8,0,0,0,0,0,106
2014,6,9,0,6,51,10,47,324
2014,6,10,0,7,42,29,42,380
2014,6,11,0,6,38,96,65,366
2014,6,12,0,2,40,39,162,369
2014,6,13,0,9,38,108,106,297
2014,6,14,0,0,1,0,0,155
2014,6,15,0,0,0,0,0,98
2014,6,16,0,6,39,49,69,335
2014,6,17,0,1,43,51,47,398
2014,6,18,0,4,41,91,64,376
2014,6,19,0,6,49,21,119,365
2014,6,20,0,7,42,52,68,357
2014,6,21,0,0,0,0,1,156
2014,6,22,0,0,0,0,0,91
2014,6,23,0,1,53,18,74,353
2014,6,24,0,3,37,52,76,386
2014,6,25,0,10,46,28,42,335
2014,6,26,0,8,31,10,523,344
2014,6,27,0,2,44,1,105,323
2014,6,28,0,0,0,0,5,154
2014,6,29,0,0,0,0,1,119
2014,6,30,0,11,42,71,74,332
2014,7,1,0,9,50,54,63,373
2014,7,2,0,17,53,47,113,372
2014,7,3,1,15,47,23,104,312
2014,7,4,0,0,0,0,1,110
2014,7,5,0,0,0,0,0,95
2014,7,6,0,0,0,0,1,110
2014,7,7,0,11,59,31,195,347
2014,7,8,0,23,43,93,67,369
2014,7,9,0,8,46,31,156,367
2014,7,10,0,7,45,17,127,367
2014,7,11,0,8,41,58,62,295
2014,7,12,0,0,0,0,0,155
2014,7,13,0,0,0,0,0,47
2014,7,14,0,16,54,58,79,359
2014,7,15,0,6,49,52,72,421
2014,7,16,0,8,54,27,138,359
2014,7,17,0,5,41,26,120,373
2014,7,18,0,11,39,32,54,288
2014,7,19,0,0,1,0,1,176
2014,7,20,0,0,0,0,0,141
2014,7,21,0,10,48,28,78,364
2014,7,22,0,6,42,27,63,412
2014,7,23,0,3,43,24,96,385
2014,7,24,0,8,36,49,118,393
2014,7,25,0,19,32,63,75,332
2014,7,26,0,0,1,0,0,177
2014,7,27,0,0,0,0,0,124
2014,7,28,0,11,41,28,85,364
2014,7,29,0,5,45,56,40,420
2014,7,30,0,8,37,32,115,449
2014,7,31,0,10,41,13,74,380
2014,8,1,0,7,27,63,97,321
2014,8,2,0,0,0,0,0,169
2014,8,3,0,0,0,0,0,116
2014,8,4,0,1,51,104,46,371
2014,8,5,0,15,46,53,49,444
2014,8,6,0,10,38,22,171,417
2014,8,7,0,22,29,21,227,355
2014,8,8,0,14,34,47,44,302
2014,8,9,0,0,0,0,0,174
2014,8,10,0,0,0,0,0,139
2014,8,11,0,10,50,31,94,369
2014,8,12,0,19,47,78,85,423
2014,8,13,0,22,40,25,115,394
2014,8,14,0,8,43,29,153,311
2014,8,15,0,2,34,30,68,341
2014,8,16,0,1,0,0,0,170
2014,8,17,0,0,0,0,0,117
2014,8,18,0,16,42,50,70,344
2014,8,19,0,9,37,95,83,398
2014,8,20,0,9,37,63,135,389
2014,8,21,0,12,35,17,116,399
2014,8,22,0,7,39,32,76,352
2014,8,23,0,0,0,1,0,221
2014,8,24,0,0,0,0,0,141
2014,8,25,0,20,55,48,55,168
2014,8,26,1,11,40,111,47,406
2014,8,27,0,7,35,46,102,403
2014,8,28,0,18,37,30,94,367
2014,8,29,0,6,35,56,72,287
2014,8,30,0,0,0,0,0,137
2014,8,31,0,0,0,0,0,112
2014,9,1,0,0,0,0,0,106
2014,9,2,0,22,41,64,48,335
2014,9,3,0,9,36,55,67,353
2014,9,4,0,6,23,105,161,379
2014,9,5,0,5,36,34,44,327
2014,9,6,0,0,1,0,1,168
2014,9,7,0,0,0,0,1,98
2014,9,8,0,9,38,29,83,351
2014,9,9,1,7,42,66,47,363
2014,9,10,0,8,27,54,102,378
2014,9,11,0,4,36,10,91,397
2014,9,12,0,9,33,79,100,333
2014,9,13,0,0,1,0,0,147
2014,9,14,0,0,0,0,0,124
2014,9,15,0,10,39,74,61,356
2014,9,16,0,18,45,44,38,361
2014,9,17,0,4,46,36,112,330
2014,9,18,0,6,29,9,97,388
2014,9,19,0,7,43,30,45,328
2014,9,20,0,0,0,0,1,141
2014,9,21,0,0,0,0,0,124
2014,9,22,0,14,46,53,87,366
2014,9,23,0,5,41,77,51,368
2014,9,24,0,3,30,74,90,343
2014,9,25,0,10,41,26,223,324
2014,9,26,0,5,33,25,90,350
2014,9,27,0,0,1,0,0,158
2014,9,28,0,0,0,0,0,117
2014,9,29,0,10,49,82,94,364
2014,9,30,0,14,39,38,60,348
2014,10,1,0,9,40,46,123,380
2014,10,2,0,9,33,21,106,369
2014,10,3,0,17,54,65,77,325
2014,10,4,0,0,1,1,0,171
2014,10,5,0,0,0,0,2,111
2014,10,6,0,9,36,31,143,347
2014,10,7,0,6,42,65,60,353
2014,10,8,0,10,35,48,81,384
2014,10,9,0,4,26,3,97,328
2014,10,10,0,10,44,17,81,319
2014,10,11,0,0,0,0,0,160
2014,10,12,0,0,0,0,0,109
2014,10,13,0,0,0,0,0,244
2014,10,14,0,12,48,43,73,381
2014,10,15,0,3,31,18,89,361
2014,10,16,0,5,34,65,138,376
2014,10,17,0,12,37,37,53,342
2014,10,18,0,0,0,0,0,163
2014,10,19,0,0,0,0,1,141
2014,10,20,0,18,38,79,44,339
2014,10,21,0,8,44,44,101,382
2014,10,22,0,5,46,5,181,320
2014,10,23,0,7,32,31,117,359
2014,10,24,0,10,36,58,51,348
2014,10,25,0,1,2,0,0,137
2014,10,26,0,0,0,0,0,115
2014,10,27,0,8,29,98,93,308
2014,10,28,0,15,29,62,35,334
2014,10,29,0,6,43,14,129,365
2014,10,30,0,12,32,0,132,317
2014,10,31,0,6,36,6,37,282
2014,11,1,0,0,1,0,0,146
2014,11,2,0,0,0,0,0,134
2014,11,3,0,13,47,11,83,291
2014,11,4,0,7,41,56,54,349
2014,11,5,0,0,53,132,98,349
2014,11,6,0,18,41,19,90,345
2014,11,7,0,11,42,37,100,345
2014,11,8,0,0,1,3,6,168
2014,11,9,0,0,0,0,1,122
2014,11,10,0,9,42,55,41,324
2014,11,11,0,0,1,4,7,342
2014,11,12,0,8,39,40,48,341
2014,11,13,0,11,40,77,99,342
2014,11,14,0,10,51,47,110,343
2014,11,15,0,0,1,1,6,182
2014,11,16,0,0,0,0,0,118
2014,11,17,0,12,41,37,97,327
2014,11,18,0,10,49,63,31,462
2014,11,19,0,8,38,65,80,443
2014,11,20,0,7,46,42,101,352
2014,11,21,0,4,27,50,73,358
2014,11,22,0,0,0,5,1,184
2014,11,23,0,0,0,0,0,133
2014,11,24,0,21,33,28,78,359
2014,11,25,0,16,39,55,75,331
2014,11,26,0,7,30,32,151,301
2014,11,27,0,0,4,0,26,81
2014,11,28,0,9,17,39,21,149
2014,11,29,0,0,0,1,0,146
2014,11,30,0,0,0,0,0,110
2014,12,1,0,14,36,28,28,321
2014,12,2,1,3,43,56,69,342
2014,12,3,0,8,33,17,39,399
2014,12,4,0,7,31,1,178,355
2014,12,5,0,8,32,13,70,332
2014,12,6,0,0,3,0,6,165
2014,12,7,0,0,0,0,0,106
2014,12,8,0,10,40,47,54,318
2014,12,9,0,10,45,59,38,370
2014,12,10,0,5,42,61,90,370
2014,12,11,1,4,27,55,87,331
2014,12,12,0,3,26,13,93,316
2014,12,13,0,1,1,0,0,153
2014,12,14,0,0,0,0,0,132
2014,12,15,0,5,42,32,86,280
2014,12,16,0,4,34,43,71,361
2014,12,17,2,8,27,44,108,337
2014,12,18,0,13,30,43,93,358
2014,12,19,0,4,34,17,50,316
2014,12,20,0,0,1,0,1,156
2014,12,21,0,0,0,0,0,97
2014,12,22,0,4,27,15,92,360
2014,12,23,0,13,27,36,139,328
2014,12,24,0,8,19,50,66,213
2014,12,25,0,0,0,0,2,60
2014,12,26,0,2,12,36,2,156
2014,12,27,0,0,0,4,0,124
2014,12,28,0,0,0,0,0,142
2014,12,29,0,10,40,39,38,341
2014,12,30,0,8,39,51,78,426
2014,12,31,0,5,23,4,68,334
2015,1,1,0,0,1,0,16,121
2015,1,2,0,7,22,26,79,271
2015,1,3,0,0,0,0,0,193
2015,1,4,0,0,0,0,0,143
2015,1,5,0,12,60,14,46,378
2015,1,6,0,20,37,61,37,343
2015,1,7,0,7,33,15,120,397
2015,1,8,0,9,31,49,55,336
2015,1,9,0,3,39,27,42,323
2015,1,10,0,1,2,1,5,186
2015,1,11,0,0,0,0,0,148
2015,1,12,0,6,29,20,104,297
2015,1,13,0,3,34,34,72,418
2015,1,14,0,11,36,24,111,293
2015,1,15,1,5,39,14,83,399
2015,1,16,0,2,24,44,26,351
2015,1,17,0,1,1,1,1,187
2015,1,18,0,0,0,0,0,117
2015,1,19,0,0,0,0,1,252
2015,1,20,1,12,45,48,32,386
2015,1,21,0,12,35,28,106,447
2015,1,22,0,2,33,29,103,428
2015,1,23,0,9,42,143,60,395
2015,1,24,0,3,5,6,11,212
2015,1,25,0,0,0,0,0,130
2015,1,26,0,14,34,46,117,341
2015,1,27,0,4,34,51,124,443
2015,1,28,0,7,58,37,95,432
2015,1,29,0,5,32,32,61,463
2015,1,30,0,7,35,42,39,353
2015,1,31,0,0,2,0,1,198
2015,2,1,0,0,0,0,0,123
2015,2,2,0,3,53,24,60,370
2015,2,3,0,11,32,35,50,465
2015,2,4,0,7,29,31,87,468
2015,2,5,0,5,34,21,142,409
2015,2,6,0,4,35,77,40,430
2015,2,7,0,0,1,0,1,213
2015,2,8,0,0,0,0,0,158
2015,2,9,0,5,27,29,98,388
2015,2,10,0,9,41,47,54,422
2015,2,11,0,8,45,30,82,439
2015,2,12,0,8,39,11,135,400
2015,2,13,0,14,29,52,30,360
2015,2,14,0,6,0,0,3,200
2015,2,15,0,0,0,0,0,159
2015,2,16,0,0,0,0,0,303
2015,2,17,0,12,34,12,38,415
2015,2,18,0,4,54,0,118,479
2015,2,19,0,3,33,66,70,455
2015,2,20,0,7,41,58,41,426
2015,2,21,0,0,0,0,4,208
2015,2,22,0,0,0,0,0,152
2015,2,23,0,1,38,24,122,375
2015,2,24,0,12,33,35,48,457
2015,2,25,0,6,50,33,103,431
2015,2,26,0,7,29,16,123,443
2015,2,27,0,7,29,31,46,355
2015,2,28,0,0,5,0,7,193
2015,3,1,0,0,0,0,0,173
2015,3,2,1,6,39,45,69,373
2015,3,3,0,11,27,25,38,436
2015,3,4,0,8,41,36,57,410
2015,3,5,0,4,25,47,127,392
2015,3,6,0,3,34,9,84,413
2015,3,7,0,0,7,3,3,185
2015,3,8,0,0,0,0,0,132
2015,3,9,0,16,50,51,85,385
2015,3,10,0,14,45,22,64,466
2015,3,11,0,3,40,36,82,438
2015,3,12,0,8,41,15,85,431
2015,3,13,0,6,27,19,73,401
2015,3,14,0,0,0,0,0,167
2015,3,15,0,0,0,0,0,154
2015,3,16,0,6,55,29,97,410
2015,3,17,0,2,46,33,72,462
2015,3,18,0,9,36,55,72,442
2015,3,19,0,4,36,74,152,460
2015,3,20,0,17,41,20,94,408
2015,3,21,0,0,0,0,0,183
2015,3,22,0,0,0,0,0,147
2015,3,23,0,6,41,46,126,399
2015,3,24,0,15,45,52,85,453
2015,3,25,0,9,39,55,79,457
2015,3,26,0,17,41,16,167,399
2015,3,27,0,11,36,26,63,393
2015,3,28,0,0,1,1,0,197
2015,3,29,0,0,0,0,0,144
2015,3,30,0,11,14,44,62,398
2015,3,31,1,10,42,64,60,440
2015,4,1,0,4,40,32,118,408
2015,4,2,0,4,41,42,95,341
2015,4,3,0,6,28,58,38,371
2015,4,4,0,0,0,0,0,164
2015,4,5,0,0,0,0,0,92
2015,4,6,0,18,45,54,64,372
2015,4,7,0,5,44,54,49,456
2015,4,8,0,3,31,26,109,400
2015,4,9,0,8,30,21,124,374
2015,4,10,0,23,36,35,27,363
2015,4,11,0,0,1,0,0,188
2015,4,12,0,0,0,0,0,125
2015,4,13,0,30,37,40,89,351
2015,4,14,0,11,51,34,58,443
2015,4,15,0,7,38,30,58,387
2015,4,16,0,12,39,1,102,418
2015,4,17,0,6,36,55,41,331
2015,4,18,0,0,0,0,1,164
2015,4,19,0,0,0,0,0,144
2015,4,20,0,4,53,20,112,400
2015,4,21,0,6,45,19,100,491
2015,4,22,0,15,32,55,132,429
2015,4,23,0,7,33,24,177,374
2015,4,24,0,5,40,25,70,388
2015,4,25,0,0,1,0,0,157
2015,4,26,0,0,0,0,0,154
2015,4,27,0,8,48,21,70,399
2015,4,28,0,14,39,43,48,450
2015,4,29,0,10,42,20,111,481
2015,4,30,0,9,37,19,125,411
2015,5,1,0,15,34,101,50,375
2015,5,2,0,1,0,4,0,189
2015,5,3,0,0,0,0,0,131
2015,5,4,0,12,33,47,102,370
2015,5,5,0,7,37,44,88,445
2015,5,6,0,11,32,15,98,432
2015,5,7,2,8,35,3,164,383
2015,5,8,0,8,29,29,80,368
2015,5,9,0,0,0,0,0,170
2015,5,10,0,0,0,0,0,123
2015,5,11,0,8,51,43,78,366
2015,5,12,0,8,36,70,76,472
2015,5,13,0,10,36,4,128,449
2015,5,14,0,10,49,34,102,487
2015,5,15,0,9,43,65,67,410
2015,5,16,0,0,2,0,0,180
2015,5,17,0,0,0,0,0,143
2015,5,18,0,5,38,23,71,381
2015,5,19,0,9,40,20,74,520
2015,5,20,0,11,51,62,63,530
2015,5,21,0,12,34,32,106,438
2015,5,22,0,12,39,42,67,395
2015,5,23,0,0,3,0,0,137
2015,5,24,0,0,0,0,0,118
2015,5,25,0,0,0,0,0,156
2015,5,26,0,15,32,49,83,377
2015,5,27,0,5,47,18,118,457
2015,5,28,0,14,39,44,78,419
2015,5,29,0,6,44,18,111,386
2015,5,30,0,0,0,0,0,186
2015,5,31,0,0,0,0,0,136
2015,6,1,0,14,44,28,74,398
2015,6,2,0,6,37,40,71,476
2015,6,3,0,17,41,63,119,385
2015,6,4,0,6,27,65,76,416
2015,6,5,0,13,27,26,155,382
2015,6,6,0,0,0,0,0,169
2015,6,7,0,0,0,0,0,110
2015,6,8,0,4,44,18,73,410
2015,6,9,0,9,35,42,63,470
2015,6,10,0,9,39,49,119,443
2015,6,11,0,6,32,12,121,474
2015,6,12,0,10,42,50,59,419
2015,6,13,0,0,0,0,0,158
2015,6,14,0,0,0,0,0,129
2015,6,15,0,10,41,29,78,408
2015,6,16,0,7,49,34,77,508
2015,6,17,0,7,28,41,47,429
2015,6,18,0,11,38,21,83,449
2015,6,19,0,5,39,31,138,357
2015,6,20,0,0,0,0,0,202
2015,6,21,0,0,0,0,0,101
2015,6,22,0,9,42,12,71,373
2015,6,23,0,12,44,49,40,432
2015,6,24,0,7,36,49,117,460
2015,6,25,0,2,39,24,135,428
2015,6,26,0,13,33,55,51,426
2015,6,27,0,0,2,0,0,194
2015,6,28,0,0,0,0,0,171
2015,6,29,0,13,49,34,136,436
2015,6,30,0,0,49,31,51,500
2015,7,1,0,2,40,37,68,422
2015,7,2,0,16,34,27,120,363
2015,7,3,0,0,2,0,0,254
2015,7,4,0,0,0,0,0,124
2015,7,5,0,0,0,0,0,112
2015,7,6,0,20,61,41,108,440
2015,7,7,0,15,54,8,48,563
2015,7,8,0,6,34,75,175,537
2015,7,9,0,15,34,45,83,582
2015,7,10,0,7,45,19,33,552
2015,7,11,0,0,0,0,0,260
2015,7,12,0,0,0,0,0,188
2015,7,13,0,2,47,5,177,477
2015,7,14,0,10,44,29,70,516
2015,7,15,0,4,40,37,89,537
2015,7,16,0,3,25,45,77,465
2015,7,17,0,5,33,13,40,421
2015,7,18,0,1,1,1,0,217
2015,7,19,0,0,0,0,21,181
2015,7,20,0,7,53,31,19,452
2015,7,21,0,16,33,40,73,556
2015,7,22,0,1,39,45,25,539
2015,7,23,0,5,46,51,57,487
2015,7,24,0,7,41,27,66,456
2015,7,25,0,0,0,0,0,215
2015,7,26,0,0,0,0,0,159
2015,7,27,0,9,44,14,93,457
2015,7,28,0,4,49,31,76,470
2015,7,29,0,6,41,29,42,513
2015,7,30,1,11,45,27,125,432
2015,7,31,0,14,47,47,21,424
2015,8,1,0,0,2,0,0,237
2015,8,2,0,0,0,0,0,186
2015,8,3,0,7,52,27,68,453
2015,8,4,0,12,43,28,84,506
2015,8,5,0,10,48,91,62,519
2015,8,6,0,16,43,57,102,507
2015,8,7,0,5,37,14,10,416
2015,8,8,0,0,1,0,0,279
2015,8,9,0,0,0,0,0,193
2015,8,10,0,10,50,25,14,419
2015,8,11,0,9,42,44,18,512
2015,8,12,0,8,33,48,225,504
2015,8,13,0,3,32,20,67,444
2015,8,14,0,4,38,23,52,382
2015,8,15,0,0,2,0,0,182
2015,8,16,0,0,0,0,0,185
2015,8,17,0,18,56,22,50,409
2015,8,18,0,14,42,71,35,536
2015,8,19,0,8,60,40,53,468
2015,8,20,0,10,42,18,84,447
2015,8,21,0,9,44,38,17,413
2015,8,22,0,0,0,0,0,230
2015,8,23,0,0,0,0,0,200
2015,8,24,0,10,48,29,88,432
2015,8,25,0,5,58,26,76,558
2015,8,26,0,0,45,55,345,467
2015,8,27,0,9,47,10,384,513
2015,8,28,0,4,36,23,184,416
2015,8,29,0,0,0,0,0,185
2015,8,30,0,0,0,0,3,165
2015,8,31,0,24,52,34,51,440
2015,9,1,0,6,43,43,90,451
2015,9,2,0,3,49,50,85,462
2015,9,3,0,12,32,61,104,356
2015,9,4,0,12,42,1,80,349
2015,9,5,0,0,0,0,1,201
2015,9,6,0,0,0,0,0,118
2015,9,7,0,0,0,0,1,207
2015,9,8,0,6,37,37,69,391
2015,9,9,0,7,37,28,150,459
2015,9,10,0,8,45,73,127,481
2015,9,11,0,6,33,69,68,435
2015,9,12,0,0,0,0,0,204
2015,9,13,0,0,0,0,0,146
2015,9,14,0,8,56,4,94,470
2015,9,15,0,12,42,67,45,444
2015,9,16,0,18,46,30,48,489
2015,9,17,0,6,31,35,71,402
2015,9,18,0,11,37,78,26,369
2015,9,19,0,0,0,0,0,188
2015,9,20,0,0,0,0,0,155
2015,9,21,0,12,36,24,64,398
2015,9,22,0,2,47,17,159,490
2015,9,23,0,7,40,60,107,537
2015,9,24,0,8,43,32,125,414
2015,9,25,0,19,45,41,64,401
2015,9,26,0,0,1,0,0,172
2015,9,27,0,0,0,0,0,151
2015,9,28,0,3,49,16,43,407
2015,9,29,0,4,52,20,83,450
2015,9,30,0,7,42,57,119,411
2015,10,1,0,6,46,41,110,395
2015,10,2,0,20,54,18,21,365
2015,10,3,0,0,2,0,0,177
2015,10,4,0,0,0,0,0,187
2015,10,5,0,12,32,23,145,403
2015,10,6,0,5,47,25,63,468
2015,10,7,0,7,34,51,65,427
2015,10,8,0,17,54,33,118,420
2015,10,9,0,5,24,22,80,355
2015,10,10,0,0,0,0,0,210
2015,10,11,0,0,0,1,0,105
2015,10,12,0,0,0,0,2,319
2015,10,13,0,6,66,21,83,436
2015,10,14,0,10,72,20,142,516
2015,10,15,1,12,33,89,104,395
2015,10,16,0,2,47,87,58,441
2015,10,17,0,0,1,0,0,154
2015,10,18,0,0,0,0,0,151
2015,10,19,0,6,41,40,62,448
2015,10,20,0,7,36,55,52,484
2015,10,21,0,5,41,46,110,505
2015,10,22,0,0,41,20,78,489
2015,10,23,0,6,58,15,117,461
2015,10,24,0,0,0,0,0,259
2015,10,25,0,0,0,0,0,164
2015,10,26,0,5,71,24,87,414
2015,10,27,0,11,46,42,74,459
2015,10,28,0,5,38,45,119,423
2015,10,29,0,9,48,56,108,421
2015,10,30,0,7,31,33,91,392
2015,10,31,0,0,1,0,0,232
2015,11,1,0,0,0,0,0,139
2015,11,2,0,7,61,27,53,360
2015,11,3,0,10,55,24,70,462
2015,11,4,0,11,52,42,67,393
2015,11,5,0,6,41,45,108,423
2015,11,6,0,13,27,55,100,380
2015,11,7,0,0,3,0,4,200
2015,11,8,0,0,0,0,0,198
2015,11,9,0,14,52,80,63,372
2015,11,10,0,8,34,86,89,464
2015,11,11,0,0,1,0,4,354
2015,11,12,0,15,38,25,107,433
2015,11,13,0,13,42,31,122,397
2015,11,14,0,0,1,0,7,207
2015,11,15,0,0,0,0,0,146
2015,11,16,0,5,48,58,69,346
2015,11,17,0,10,46,53,89,442
2015,11,18,0,9,46,87,89,394
2015,11,19,0,3,42,28,134,395
2015,11,20,0,9,48,27,99,325
2015,11,21,0,0,2,0,15,179
2015,11,22,0,0,0,0,0,182
2015,11,23,0,9,51,24,87,320
2015,11,24,0,5,36,58,73,358
2015,11,25,0,4,35,71,121,358
2015,11,26,0,0,0,0,13,120
2015,11,27,0,13,10,62,118,183
2015,11,28,0,0,3,0,9,159
2015,11,29,0,0,0,0,0,170
2015,11,30,0,5,66,48,37,351
2015,12,1,0,3,43,41,69,386
2015,12,2,0,5,48,63,115,435
2015,12,3,0,10,39,45,88,374
2015,12,4,0,2,32,30,71,343
2015,12,5,0,0,3,0,2,177
2015,12,6,0,0,0,0,0,135
2015,12,7,0,9,55,44,98,324
2015,12,8,0,8,45,51,72,418
2015,12,9,0,10,35,5,132,409
2015,12,10,0,11,51,11,94,348
2015,12,11,0,3,36,40,71,377
2015,12,12,0,0,1,0,13,184
2015,12,13,0,0,0,0,0,151
2015,12,14,0,5,42,12,76,361
2015,12,15,0,2,42,32,89,412
2015,12,16,0,5,41,31,55,404
2015,12,17,0,11,39,25,46,372
2015,12,18,0,10,42,37,39,303
2015,12,19,0,0,2,0,0,197
2015,12,20,0,0,0,0,0,135
2015,12,21,0,2,44,57,133,336
2015,12,22,0,7,38,120,69,374
2015,12,23,0,8,29,32,45,275
2015,12,24,0,5,21,8,41,177
2015,12,25,0,0,0,0,13,81
2015,12,26,0,0,0,0,0,118
2015,12,27,0,0,0,0,0,122
2015,12,28,0,3,39,19,29,387
2015,12,29,0,19,49,87,15,406
2015,12,30,0,8,39,62,121,416
2015,12,31,0,9,25,42,88,334
2016,1,1,0,0,0,0,0,142
2016,1,2,0,0,0,0,0,167
2016,1,3,0,0,0,0,0,155
2016,1,4,0,11,48,25,45,374
2016,1,5,0,11,37,47,68,441
2016,1,6,0,10,51,13,87,411
2016,1,7,0,3,46,10,114,438
2016,1,8,0,1,40,35,21,354
2016,1,9,0,0,2,0,0,208
2016,1,10,0,0,0,0,0,166
2016,1,11,0,9,39,21,129,386
2016,1,12,0,7,46,65,132,459
2016,1,13,0,7,46,82,103,385
2016,1,14,0,11,55,44,210,401
2016,1,15,0,10,32,11,215,346
2016,1,16,0,0,0,0,86,196
2016,1,17,0,0,0,0,0,162
2016,1,18,0,0,0,0,4,293
2016,1,19,0,10,57,48,48,416
2016,1,20,0,14,56,41,94,451
2016,1,21,0,8,42,60,104,443
2016,1,22,0,7,37,28,83,363
2016,1,23,0,0,2,0,1,247
2016,1,24,0,0,0,0,0,159
2016,1,25,0,12,46,23,53,380
2016,1,26,0,9,24,82,166,488
2016,1,27,0,8,47,23,120,468
2016,1,28,0,13,42,14,109,443
2016,1,29,0,12,49,18,75,376
2016,1,30,0,0,1,0,3,200
2016,1,31,0,0,0,0,0,144
2016,2,1,0,7,33,57,51,422
2016,2,2,0,7,44,28,149,432
2016,2,3,0,8,41,52,71,442
2016,2,4,0,14,36,13,57,400
2016,2,5,0,13,51,32,35,445
2016,2,6,0,0,2,0,2,211
2016,2,7,0,0,0,0,0,163
2016,2,8,2,5,56,60,92,358
2016,2,9,0,10,45,79,92,463
2016,2,10,0,7,43,40,107,453
2016,2,11,0,9,49,16,187,409
2016,2,12,0,9,52,37,69,394
2016,2,13,0,0,5,0,1,182
2016,2,14,0,0,0,0,0,155
2016,2,15,0,0,0,0,0,335
2016,2,16,0,10,63,55,39,390
2016,2,17,0,9,57,14,186,469
2016,2,18,0,4,52,105,157,380
2016,2,19,0,1,58,72,51,407
2016,2,20,0,0,4,0,3,220
2016,2,21,0,0,1,0,0,146
2016,2,22,0,8,49,61,77,364
2016,2,23,0,10,41,92,153,494
2016,2,24,0,5,55,79,83,434
2016,2,25,1,13,52,30,138,424
2016,2,26,0,12,31,12,53,358
2016,2,27,0,0,3,0,14,212
2016,2,28,0,0,0,0,0,147
2016,2,29,0,14,38,57,31,403
2016,3,1,0,4,44,75,157,471
2016,3,2,0,8,35,110,122,444
2016,3,3,0,3,41,30,113,447
2016,3,4,0,12,42,39,53,418
2016,3,5,0,0,2,0,22,215
2016,3,6,0,0,0,0,0,188
2016,3,7,0,0,33,77,50,361
2016,3,8,0,20,48,121,38,442
2016,3,9,0,0,40,62,113,416
2016,3,10,0,3,47,18,100,399
2016,3,11,0,10,46,25,181,418
2016,3,12,0,0,3,0,9,217
2016,3,13,0,0,0,0,0,152
2016,3,14,0,7,70,28,94,396
2016,3,15,0,13,53,84,100,509
2016,3,16,0,12,51,91,128,405
2016,3,17,0,11,49,39,206,404
2016,3,18,0,8,46,79,61,412
2016,3,19,0,0,0,0,13,228
2016,3,20,0,0,0,0,0,200
2016,3,21,0,5,59,53,81,424
2016,3,22,0,7,52,61,94,472
2016,3,23,0,6,64,73,79,453
2016,3,24,0,7,50,51,182,395
2016,3,25,0,13,43,40,134,353
2016,3,26,0,0,0,0,0,176
2016,3,27,0,0,0,0,0,134
2016,3,28,0,5,45,24,65,437
2016,3,29,0,12,43,47,121,493
2016,3,30,0,6,58,137,93,451
2016,3,31,0,2,53,12,166,440
2016,4,1,0,9,51,42,87,418
2016,4,2,0,0,3,0,0,181
2016,4,3,0,0,0,0,0,168
2016,4,4,0,13,62,31,69,417
2016,4,5,0,22,58,28,77,496
2016,4,6,0,3,58,58,78,576
2016,4,7,0,5,70,17,134,428
2016,4,8,0,18,53,21,78,430
2016,4,9,0,0,3,0,0,221
2016,4,10,0,0,0,0,0,175
2016,4,11,0,20,66,49,55,524
2016,4,12,0,30,57,76,95,516
2016,4,13,0,0,55,100,71,424
2016,4,14,0,9,43,7,156,428
2016,4,15,0,16,58,14,154,445
2016,4,16,0,0,2,0,0,223
2016,4,17,0,0,0,0,0,180
2016,4,18,0,19,54,16,62,433
2016,4,19,0,17,63,46,66,471
2016,4,20,0,8,50,39,163,459
2016,4,21,0,9,37,30,150,432
2016,4,22,0,11,61,22,87,386
2016,4,23,0,0,1,0,0,194
2016,4,24,0,0,0,0,0,165
2016,4,25,0,17,66,22,53,407
2016,4,26,0,10,66,78,102,475
2016,4,27,0,0,64,132,54,445
2016,4,28,0,4,73,36,137,465
2016,4,29,0,14,56,13,113,431
2016,4,30,0,0,1,0,0,192
2016,5,1,0,0,0,0,0,181
2016,5,2,0,21,61,46,51,494
2016,5,3,0,7,56,124,101,468
2016,5,4,0,4,60,59,87,437
2016,5,5,0,5,61,21,140,464
2016,5,6,0,14,41,49,67,343
2016,5,7,0,0,1,0,0,212
2016,5,8,0,0,0,0,0,176
2016,5,9,0,2,62,50,70,421
2016,5,10,1,29,46,74,87,505
2016,5,11,0,7,46,141,108,494
2016,5,12,0,4,45,34,115,443
2016,5,13,0,15,41,13,45,420
2016,5,14,0,0,1,0,1,209
2016,5,15,0,0,0,0,0,178
2016,5,16,0,13,67,41,98,386
2016,5,17,0,12,53,71,61,453
2016,5,18,0,12,42,90,94,488
2016,5,19,0,9,62,14,154,423
2016,5,20,0,13,55,19,80,391
2016,5,21,0,0,0,0,0,192
2016,5,22,0,0,0,0,0,185
2016,5,23,0,31,48,45,50,387
2016,5,24,0,17,56,72,99,468
2016,5,25,0,7,45,88,144,495
2016,5,26,0,10,56,16,180,432
2016,5,27,0,19,47,16,86,395
2016,5,28,0,0,0,0,0,195
2016,5,29,0,0,0,0,0,122
2016,5,30,0,0,0,0,0,187
2016,5,31,0,8,56,48,76,380
2016,6,1,0,18,59,29,93,420
2016,6,2,1,27,47,66,73,454
2016,6,3,0,3,58,49,108,448
2016,6,4,0,0,3,0,0,200
2016,6,5,0,0,0,0,0,187
2016,6,6,0,29,65,13,106,435
2016,6,7,0,22,49,39,63,528
2016,6,8,0,3,55,145,91,458
2016,6,9,0,20,57,17,127,438
2016,6,10,1,4,71,69,61,453
2016,6,11,0,0,2,0,0,182
2016,6,12,0,0,0,0,0,205
2016,6,13,0,12,68,29,52,379
2016,6,14,0,20,70,79,79,427
2016,6,15,0,12,59,105,91,445
2016,6,16,0,2,40,5,145,453
2016,6,17,0,21,20,31,75,418
2016,6,18,0,0,0,0,1,220
2016,6,19,0,0,0,0,0,136
2016,6,20,0,8,68,43,62,457
2016,6,21,0,3,53,62,87,523
2016,6,22,0,8,67,60,52,454
2016,6,23,0,34,41,20,169,456
2016,6,24,0,24,34,19,80,391
2016,6,25,0,0,1,0,0,229
2016,6,26,0,0,0,0,0,183
2016,6,27,0,10,60,62,38,402
2016,6,28,0,5,50,35,128,529
2016,6,29,0,11,39,46,140,499
2016,6,30,0,6,42,78,72,478
2016,7,1,0,10,34,6,92,405
2016,7,2,0,0,0,0,16,207
2016,7,3,0,0,0,0,0,157
2016,7,4,0,0,0,0,0,190
2016,7,5,0,20,47,25,42,436
2016,7,6,0,10,57,41,105,701
2016,7,7,0,12,48,27,91,565
2016,7,8,0,15,44,36,79,426
2016,7,9,0,0,1,0,0,233
2016,7,10,0,0,0,0,1,199
2016,7,11,0,11,46,8,95,408
2016,7,12,0,7,54,50,80,462
2016,7,13,0,0,52,183,96,504
2016,7,14,0,12,41,42,134,429
2016,7,15,0,16,53,12,99,448
2016,7,16,0,0,2,0,0,247
2016,7,17,0,0,0,0,0,175
2016,7,18,0,14,50,30,28,405
2016,7,19,0,8,52,57,148,470
2016,7,20,0,7,38,61,85,449
2016,7,21,0,11,39,66,46,474
2016,7,22,0,6,30,8,143,475
2016,7,23,0,0,0,0,0,258
2016,7,24,0,0,0,0,0,195
2016,7,25,0,6,50,19,68,522
2016,7,26,0,23,51,45,132,648
2016,7,27,0,8,50,96,105,588
2016,7,28,0,14,47,96,37,556
2016,7,29,0,11,45,16,122,481
2016,7,30,0,0,2,0,0,198
2016,7,31,0,0,0,0,0,210
2016,8,1,0,15,64,73,28,388
2016,8,2,0,17,46,74,101,551
2016,8,3,1,13,50,78,138,502
2016,8,4,0,11,46,68,82,514
2016,8,5,0,7,38,24,70,421
2016,8,6,0,0,1,0,0,233
2016,8,7,0,0,0,0,0,204
2016,8,8,0,3,50,54,68,490
2016,8,9,0,14,44,66,161,515
2016,8,10,0,12,52,92,73,448
2016,8,11,0,13,34,26,119,622
2016,8,12,0,18,41,30,70,472
2016,8,13,0,0,1,0,0,244
2016,8,14,0,0,0,0,0,186
2016,8,15,0,14,46,72,39,441
2016,8,16,0,15,54,29,217,547
2016,8,17,0,4,51,116,108,432
2016,8,18,0,18,49,35,78,497
2016,8,19,0,7,52,31,43,463
2016,8,20,0,0,0,0,0,226
2016,8,21,0,0,0,0,0,177
2016,8,22,0,19,61,22,47,434
2016,8,23,0,10,57,56,187,495
2016,8,24,0,0,47,102,52,477
2016,8,25,0,25,41,27,97,476
2016,8,26,0,4,41,34,71,391
2016,8,27,0,0,4,0,3,251
2016,8,28,0,0,0,0,0,196
2016,8,29,0,10,42,20,151,428
2016,8,30,0,1,42,51,197,514
2016,8,31,0,9,50,71,127,519
2016,9,1,0,12,47,66,68,407
2016,9,2,0,14,45,23,30,376
2016,9,3,0,0,1,0,0,195
2016,9,4,0,0,0,0,0,145
2016,9,5,0,0,0,0,0,184
2016,9,6,0,16,52,25,95,435
2016,9,7,0,3,50,48,118,570
2016,9,8,0,12,44,28,118,569
2016,9,9,0,6,61,71,66,609
2016,9,10,0,0,0,0,0,249
2016,9,11,0,0,0,0,0,189
2016,9,12,0,24,63,54,50,495
2016,9,13,0,8,45,76,104,618
2016,9,14,0,6,37,70,120,560
2016,9,15,0,10,60,31,88,569
2016,9,16,0,20,65,0,38,502
2016,9,17,0,0,0,0,0,259
2016,9,18,0,0,0,0,0,201
2016,9,19,0,3,53,75,89,437
2016,9,20,0,14,54,78,83,685
2016,9,21,0,1,59,63,88,611
2016,9,22,0,12,63,22,121,624
2016,9,23,0,8,60,5,111,485
2016,9,24,0,4,1,2,33,250
2016,9,25,0,0,0,0,0,261
2016,9,26,0,10,59,78,52,502
2016,9,27,0,15,46,98,101,628
2016,9,28,0,3,53,66,128,549
2016,9,29,0,10,48,22,132,623
2016,9,30,0,14,45,48,25,554
2016,10,1,0,0,1,0,7,282
2016,10,2,0,0,0,0,0,213
2016,10,3,0,8,53,28,152,588
2016,10,4,0,17,47,66,98,625
2016,10,5,0,12,38,69,83,609
2016,10,6,0,13,45,26,115,589
2016,10,7,0,4,52,33,73,462
2016,10,8,0,0,0,0,0,210
2016,10,9,0,0,0,0,0,207
2016,10,10,0,0,0,0,0,422
2016,10,11,0,18,59,37,115,598
2016,10,12,0,3,60,36,103,548
2016,10,13,0,3,55,110,82,582
2016,10,14,0,17,42,14,63,594
2016,10,15,0,0,3,0,0,310
2016,10,16,0,0,0,0,0,246
2016,10,17,0,15,53,37,97,484
2016,10,18,0,7,54,54,126,544
2016,10,19,0,0,57,23,109,525
2016,10,20,0,8,50,73,76,536
2016,10,21,0,8,28,23,134,510
2016,10,22,0,0,0,0,0,248
2016,10,23,0,0,0,0,0,196
2016,10,24,0,5,47,24,80,485
2016,10,25,0,9,49,36,115,587
2016,10,26,0,2,46,55,148,538
2016,10,27,0,3,45,83,71,521
2016,10,28,0,12,48,29,87,464
2016,10,29,0,0,0,0,5,290
2016,10,30,0,0,0,0,0,207
2016,10,31,0,7,52,14,80,556
2016,11,1,1,6,53,45,94,514
2016,11,2,0,7,50,97,150,480
2016,11,3,0,12,39,42,141,581
2016,11,4,0,16,49,11,65,481
2016,11,5,0,0,0,0,0,205
2016,11,6,0,0,0,0,0,242
2016,11,7,0,9,41,43,45,479
2016,11,8,0,6,39,58,116,494
2016,11,9,0,0,40,64,117,465
2016,11,10,0,12,43,53,33,442
2016,11,11,0,0,3,0,6,401
2016,11,12,0,0,0,0,6,222
2016,11,13,0,0,0,0,8,204
2016,11,14,0,1,59,8,118,499
2016,11,15,0,4,55,35,35,532
2016,11,16,0,5,48,80,100,491
2016,11,17,0,10,40,34,98,481
2016,11,18,0,14,35,8,80,434
2016,11,19,0,0,2,0,2,215
2016,11,20,0,0,0,0,0,184
2016,11,21,0,12,43,72,63,426
2016,11,22,0,16,41,45,76,518
2016,11,23,0,7,37,77,101,366
2016,11,24,0,0,3,0,18,139
2016,11,25,0,9,19,17,34,212
2016,11,26,0,0,1,0,1,222
2016,11,27,0,0,0,0,0,173
2016,11,28,0,13,48,14,108,412
2016,11,29,0,8,37,42,25,454
2016,11,30,0,0,47,91,120,503
2016,12,1,0,12,44,20,156,471
2016,12,2,0,4,47,20,60,450
2016,12,3,0,0,0,0,0,224
2016,12,4,0,0,0,0,10,240
2016,12,5,0,21,43,29,73,468
2016,12,6,0,10,55,21,148,554
2016,12,7,0,15,45,76,108,492
2016,12,8,0,13,24,23,62,469
2016,12,9,0,3,53,25,58,421
2016,12,10,0,0,4,0,9,209
2016,12,11,0,0,0,0,0,171
2016,12,12,0,13,42,30,113,519
2016,12,13,0,10,49,41,93,576
2016,12,14,0,14,30,53,42,460
2016,12,15,0,14,40,32,71,457
2016,12,16,0,3,40,11,48,612
2016,12,17,0,0,3,0,2,288
2016,12,18,0,0,0,0,0,207
2016,12,19,0,14,53,25,39,522
2016,12,20,0,3,46,48,133,503
2016,12,21,0,5,34,34,90,528
2016,12,22,0,22,39,27,90,407
2016,12,23,0,6,26,15,30,371
2016,12,24,0,0,2,0,1,128
2016,12,25,0,0,0,0,0,86
2016,12,26,0,0,0,0,0,203
2016,12,27,0,15,41,41,50,399
2016,12,28,0,6,47,43,51,506
2016,12,29,0,6,34,54,71,421
2016,12,30,0,3,30,8,13,414
2016,12,31,0,0,2,0,5,178
2017,1,1,0,0,0,0,0,105
2017,1,2,0,0,0,0,0,299
2017,1,3,0,12,46,43,46,457
2017,1,4,0,3,38,62,136,550
2017,1,5,0,12,44,13,100,549
2017,1,6,0,5,44,11,66,530
2017,1,7,0,0,3,0,1,253
2017,1,8,0,0,0,0,17,215
2017,1,9,0,15,42,31,43,454
2017,1,10,0,9,23,51,102,559
2017,1,11,0,36,40,40,82,546
2017,1,12,0,2,39,7,81,474
2017,1,13,0,11,30,23,83,544
2017,1,14,0,0,1,0,5,291
2017,1,15,0,0,0,0,0,219
2017,1,16,0,0,0,0,0,332
2017,1,17,0,22,49,32,19,503
2017,1,18,0,0,58,33,188,621
2017,1,19,0,11,51,97,96,1815
2017,1,20,0,21,60,20,65,1467
2017,1,21,0,0,0,0,6,553
2017,1,22,0,0,0,0,0,360
2017,1,23,0,5,59,13,138,758
2017,1,24,0,11,49,22,116,928
2017,1,25,0,6,47,48,73,740
2017,1,26,0,13,41,76,109,790
2017,1,27,0,16,36,48,55,643
2017,1,28,0,0,1,0,10,295
2017,1,29,0,0,0,0,0,229
2017,1,30,0,8,53,25,60,561
2017,1,31,0,12,45,21,162,662
2017,2,1,0,0,41,89,111,594
2017,2,2,0,12,41,78,104,657
2017,2,3,0,17,43,42,76,692
2017,2,4,0,0,1,0,8,387
2017,2,5,0,0,0,0,0,330
2017,2,6,0,7,51,16,123,554
2017,2,7,0,12,55,71,114,701
2017,2,8,0,0,40,83,140,650
2017,2,9,0,15,45,81,69,594
2017,2,10,0,8,35,16,70,636
2017,2,11,0,0,0,0,0,355
2017,2,12,0,0,0,0,0,313
2017,2,13,0,13,43,30,114,530
2017,2,14,0,7,57,43,78,579
2017,2,15,0,4,36,49,153,675
2017,2,16,0,20,36,60,53,596
2017,2,17,0,12,38,92,55,525
2017,2,18,0,0,4,0,4,278
2017,2,19,0,0,0,0,0,249
2017,2,20,0,0,0,0,0,431
2017,2,21,0,11,63,1,171,522
2017,2,22,0,0,52,3,111,561
2017,2,23,0,12,31,50,108,575
2017,2,24,0,19,27,78,91,518
2017,2,25,0,0,8,0,0,322
2017,2,26,0,0,0,0,0,280
2017,2,27,0,40,45,16,47,489
2017,2,28,0,15,61,34,86,622
2017,3,1,0,3,38,97,120,571
2017,3,2,0,13,56,38,126,510
2017,3,3,0,22,36,26,57,479
2017,3,4,0,0,2,0,9,283
2017,3,5,0,0,0,0,11,196
2017,3,6,0,10,45,34,44,543
2017,3,7,0,13,71,11,165,651
2017,3,8,0,6,51,102,85,579
2017,3,9,0,13,35,81,104,546
2017,3,10,0,12,22,48,74,503
2017,3,11,0,0,3,0,8,260
2017,3,12,0,0,0,0,0,189
2017,3,13,0,8,39,36,50,536
2017,3,14,0,10,45,78,171,655
2017,3,15,0,4,45,62,88,653
2017,3,16,0,13,47,39,106,596
2017,3,17,0,7,36,26,79,549
2017,3,18,0,0,0,0,0,284
2017,3,19,0,0,0,0,0,262
2017,3,20,0,6,33,19,63,519
2017,3,21,0,7,41,64,153,618
2017,3,22,0,4,59,48,90,687
2017,3,23,0,10,33,50,69,563
2017,3,24,0,5,19,39,81,534
2017,3,25,0,0,1,0,0,276
2017,3,26,0,0,0,0,0,267
2017,3,27,0,18,50,39,152,500
2017,3,28,0,5,46,67,78,598
2017,3,29,0,3,43,16,58,695
2017,3,30,0,8,42,19,77,620
2017,3,31,0,5,39,36,60,606
2017,4,1,0,0,1,0,0,298
2017,4,2,0,0,0,0,0,205
2017,4,3,0,16,61,5,104,534
2017,4,4,0,22,47,73,71,701
2017,4,5,0,7,38,110,89,669
2017,4,6,0,5,50,33,48,633
2017,4,7,0,9,31,36,57,546
2017,4,8,0,0,0,0,0,295
2017,4,9,0,0,0,0,0,323
2017,4,10,0,18,48,19,81,616
2017,4,11,0,17,26,49,105,619
2017,4,12,0,21,35,92,125,579
2017,4,13,0,9,33,9,61,575
2017,4,14,0,9,32,65,26,594
2017,4,15,0,0,0,0,0,319
2017,4,16,0,0,0,0,19,197
2017,4,17,0,2,36,4,39,568
2017,4,18,0,7,33,26,162,587
2017,4,19,0,12,45,119,111,643
2017,4,20,0,15,34,30,105,641
2017,4,21,0,6,41,55,52,590
2017,4,22,0,0,1,0,0,8
2017,4,24,0,9,57,4,36,686
2017,4,25,0,7,32,65,70,787
2017,4,26,0,1,56,107,53,855
2017,4,27,0,12,56,86,52,643
2017,4,28,0,9,38,36,50,594
2017,4,29,0,0,0,0,13,335
2017,4,30,0,0,0,0,26,282
2017,5,1,0,8,38,8,70,567
2017,5,2,0,19,37,98,58,667
2017,5,3,0,5,25,114,93,673
2017,5,4,0,6,46,79,75,670
2017,5,5,0,9,43,90,67,628
2017,5,6,0,0,1,0,0,294
2017,5,7,0,0,0,0,0,247
2017,5,8,0,10,44,67,35,652
2017,5,9,0,6,51,149,43,671
2017,5,10,0,5,54,44,53,629
2017,5,11,0,10,39,11,33,562
2017,5,12,0,5,39,31,37,495
2017,5,13,0,0,0,0,0,287
2017,5,14,0,0,0,0,0,188
2017,5,15,0,11,36,58,37,509
2017,5,16,0,2,51,114,55,650
2017,5,17,0,6,25,84,58,585
2017,5,18,0,12,44,42,69,560
2017,5,19,0,5,40,53,78,566
2017,5,20,0,0,2,0,36,280
2017,5,21,0,0,0,0,32,264
2017,5,22,0,4,40,26,90,572
2017,5,23,0,9,35,47,54,675
2017,5,24,0,2,44,137,80,524
2017,5,25,0,11,46,40,67,483
2017,5,26,0,0,35,39,54,574
2017,5,27,0,0,2,0,2,296
2017,5,28,0,0,0,0,0,202
2017,5,29,0,0,0,0,0,246
2017,5,30,0,11,67,23,42,553
2017,5,31,0,6,54,5,79,680
2017,6,1,0,5,45,98,69,582
2017,6,2,0,13,46,99,48,478
2017,6,3,0,0,0,0,13,336
2017,6,4,0,0,0,0,0,245
2017,6,5,0,11,49,32,46,456
2017,6,6,0,2,42,14,60,677
2017,6,7,0,1,43,79,49,560
2017,6,8,0,3,32,78,44,585
2017,6,9,0,16,40,86,54,499
2017,6,10,0,0,0,0,7,291
2017,6,11,0,0,0,0,0,225
2017,6,12,0,7,40,8,36,591
2017,6,13,0,6,42,69,76,569
2017,6,14,0,2,40,90,57,550
2017,6,15,0,1,41,23,54,609
2017,6,16,0,14,43,69,54,499
2017,6,17,0,0,0,0,0,286
2017,6,18,0,0,0,0,0,226
2017,6,19,0,6,47,64,55,645
2017,6,20,0,9,31,83,65,709
2017,6,21,0,1,43,116,55,722
2017,6,22,0,19,42,71,37,562
2017,6,23,0,5,44,24,52,541
2017,6,24,0,0,0,0,1,259
2017,6,25,0,0,0,0,0,264
2017,6,26,0,12,48,62,56,522
2017,6,27,0,4,40,94,52,680
2017,6,28,0,10,50,64,65,652
2017,6,29,0,6,54,110,37,548
2017,6,30,0,12,29,15,48,465
2017,7,1,0,0,1,0,1,258
2017,7,2,0,0,0,0,0,302
2017,7,3,0,12,41,5,50,494
2017,7,4,0,0,0,0,9,322
2017,7,5,0,11,35,86,42,591
2017,7,6,0,2,39,64,52,653
2017,7,7,0,13,41,75,92,587
2017,7,8,0,0,0,0,0,336
2017,7,9,0,0,0,0,0,299
2017,7,10,0,8,46,54,75,601
2017,7,11,0,7,23,45,75,649
2017,7,12,0,10,34,68,84,802
2017,7,13,0,4,31,36,54,802
2017,7,14,0,2,40,67,67,647
2017,7,15,0,0,0,0,0,374
2017,7,16,0,0,0,0,0,321
2017,7,17,0,5,68,26,45,769
2017,7,18,0,2,45,42,73,788
2017,7,19,0,6,31,56,82,657
2017,7,20,0,3,56,37,60,576
2017,7,21,0,4,37,4,161,666
2017,7,22,0,0,0,0,1,349
2017,7,23,0,0,0,0,0,330
2017,7,24,0,11,59,56,92,597
2017,7,25,0,3,43,68,123,670
2017,7,26,0,14,47,32,119,752
2017,7,27,0,1,54,49,95,696
2017,7,28,0,9,38,42,77,642
2017,7,29,0,0,0,0,7,379
2017,7,30,0,0,0,0,0,351
2017,7,31,0,8,57,30,55,639
2017,8,1,0,9,45,41,106,823
2017,8,2,0,12,54,32,70,730
2017,8,3,0,6,38,97,90,667
2017,8,4,0,10,38,28,53,597
2017,8,5,0,0,1,0,5,340
2017,8,6,0,0,0,0,0,249
2017,8,7,0,8,52,45,72,622
2017,8,8,0,5,37,43,121,715
2017,8,9,0,1,57,51,94,661
2017,8,10,0,10,40,87,69,671
2017,8,11,0,7,32,37,69,665
2017,8,12,0,0,0,0,0,381
2017,8,13,0,0,0,0,0,397
2017,8,14,0,3,45,37,61,697
2017,8,15,0,5,51,21,87,697
2017,8,16,0,9,32,61,65,709
2017,8,17,0,10,35,46,75,655
2017,8,18,0,3,34,11,47,636
2017,8,19,0,0,2,0,0,299
2017,8,20,0,0,0,0,0,253
2017,8,21,0,7,43,12,79,630
2017,8,22,0,6,37,52,49,708
2017,8,23,0,5,39,43,54,620
2017,8,24,0,3,53,20,69,649
2017,8,25,0,3,37,22,43,609
2017,8,26,0,0,3,0,1,254
2017,8,27,0,0,0,0,0,230
2017,8,28,0,9,29,32,46,679
2017,8,29,0,1,38,12,93,639
2017,8,30,0,5,38,58,74,661
2017,8,31,0,7,47,47,75,556
2017,9,1,0,4,34,17,44,477
2017,9,2,0,0,0,0,8,294
2017,9,3,0,0,0,0,10,238
2017,9,4,0,0,0,0,8,290
2017,9,5,0,7,29,31,54,532
2017,9,6,0,5,43,31,56,621
2017,9,7,0,7,37,9,141,556
2017,9,8,0,9,52,30,66,3396
2017,9,9,0,0,0,0,15,2694
2017,9,10,0,0,0,0,9,654
2017,9,11,0,8,63,26,56,1024
2017,9,12,0,17,68,11,103,1031
2017,9,13,1,2,80,39,109,1369
2017,9,14,1,10,95,49,54,944
2017,9,15,0,14,75,42,54,773
2017,9,16,0,0,0,0,25,414
2017,9,17,0,0,0,0,29,335
2017,9,18,0,1,71,10,67,729
2017,9,19,0,8,75,29,104,762
2017,9,20,0,16,63,33,86,694
2017,9,21,0,13,61,50,82,661
2017,9,22,0,34,61,24,71,670
2017,9,23,0,0,0,0,13,339
2017,9,24,0,0,0,0,26,356
2017,9,25,0,3,68,14,78,548
2017,9,26,0,6,62,38,111,800
2017,9,27,0,12,45,44,117,709
2017,9,28,0,12,43,70,82,679
2017,9,29,0,19,32,30,106,586
2017,9,30,0,0,0,0,44,361
2017,10,1,0,0,0,0,3,320
2017,10,2,1,3,42,18,40,649
2017,10,3,0,9,67,7,93,732
2017,10,4,0,18,63,44,81,699
2017,10,5,0,30,43,60,103,625
2017,10,6,0,16,43,16,73,573
2017,10,7,0,0,0,0,1,344
2017,10,8,0,0,0,0,0,304
2017,10,9,0,0,0,0,0,615
2017,10,10,0,5,63,14,49,658
2017,10,11,0,35,43,29,48,683
2017,10,12,0,5,43,73,95,661
2017,10,13,0,9,39,40,54,584
2017,10,14,0,0,0,0,0,284
2017,10,15,0,0,0,0,0,310
2017,10,16,0,11,53,26,57,681
2017,10,17,0,10,42,6,83,750
2017,10,18,0,11,40,38,63,638
2017,10,19,0,7,34,25,102,636
2017,10,20,0,4,44,44,78,544
2017,10,21,0,0,1,0,0,318
2017,10,22,0,0,0,0,0,315
2017,10,23,0,15,84,11,50,694
2017,10,24,3,21,47,31,102,695
2017,10,25,0,10,65,67,98,620
2017,10,26,0,75,53,37,67,549
2017,10,27,0,54,48,36,58,482
2017,10,28,0,0,0,0,0,316
2017,10,29,0,0,0,0,0,278
2017,10,30,0,3,55,29,104,596
2017,10,31,0,0,50,66,82,585
2017,11,1,0,14,37,7,48,547
2017,11,2,0,30,39,55,93,619
2017,11,3,0,140,46,35,43,544
2017,11,4,0,0,0,0,0,319
2017,11,5,0,0,0,0,0,261
2017,11,6,0,123,59,5,38,603
2017,11,7,0,55,39,17,112,660
2017,11,8,0,0,29,70,85,603
2017,11,9,0,16,49,42,89,592
2017,11,10,0,0,4,0,36,548
2017,11,11,0,0,0,0,0,340
2017,11,12,0,0,0,0,0,364
2017,11,13,0,9,69,4,58,610
2017,11,14,0,45,49,16,74,663
2017,11,15,0,0,44,48,92,577
2017,11,16,0,0,42,82,78,706
2017,11,17,0,0,42,46,88,591
2017,11,18,0,0,4,48,18,348
2017,11,19,0,0,0,0,0,286
2017,11,20,0,12,49,44,74,533
2017,11,21,0,11,39,49,72,552
2017,11,22,0,18,32,24,53,511
2017,11,23,0,1,1,0,2,258
2017,11,24,0,7,24,30,55,291
2017,11,25,0,0,0,0,1,277
2017,11,26,0,0,0,0,1,245
2017,11,27,0,1,70,8,66,629
2017,11,28,0,8,47,55,53,726
2017,11,29,0,9,53,70,126,758
2017,11,30,2,14,52,65,132,588
2017,12,1,0,30,47,57,60,561
2017,12,2,0,0,1,1,0,310
2017,12,3,0,0,0,0,0,280
2017,12,4,0,20,39,47,44,522
2017,12,5,0,5,54,11,76,625
2017,12,6,0,6,47,2,115,725
2017,12,7,0,10,46,56,70,625
2017,12,8,0,10,51,94,64,636
2017,12,9,0,0,4,0,4,411
2017,12,10,0,0,0,0,0,370
2017,12,11,0,16,39,20,55,627
2017,12,12,0,14,50,24,130,710
2017,12,13,0,0,38,54,62,626
2017,12,14,0,7,35,35,47,716
2017,12,15,0,14,22,43,70,647
2017,12,16,0,0,0,0,2,347
2017,12,17,0,0,0,0,0,380
2017,12,18,0,13,52,21,81,593
2017,12,19,0,7,47,39,99,674
2017,12,20,0,8,41,42,64,660
2017,12,21,0,26,44,31,63,603
2017,12,22,0,20,37,25,38,517
2017,12,23,0,0,1,0,0,305
2017,12,24,0,0,0,0,0,157
2017,12,25,0,0,0,0,0,169
2017,12,26,0,10,35,1,34,520
2017,12,27,0,0,35,8,31,684
2017,12,28,0,5,48,43,49,622
2017,12,29,0,0,36,36,98,664
2017,12,30,0,0,1,5,27,353
2017,12,31,0,0,0,0,0,247
2018,1,1,0,0,0,0,0,271
2018,1,2,0,29,63,22,23,603
2018,1,3,0,9,39,34,70,838
2018,1,4,0,0,40,18,117,721
2018,1,5,0,9,37,32,59,694
2018,1,6,0,0,0,0,0,384
2018,1,7,0,0,0,0,0,389
2018,1,8,0,27,33,20,35,803
2018,1,9,0,20,55,28,77,787
2018,1,10,0,9,39,27,43,786
2018,1,11,0,55,49,27,56,668
2018,1,12,0,89,59,22,58,705
2018,1,13,0,0,2,0,0,507
2018,1,14,0,0,0,0,0,451
2018,1,15,0,0,0,0,0,637
2018,1,16,0,20,53,14,58,832
2018,1,17,0,16,40,32,82,786
2018,1,18,0,7,48,54,73,835
2018,1,19,0,13,44,48,89,791
2018,1,20,0,0,1,0,2,423
2018,1,21,0,0,0,0,0,405
2018,1,22,0,8,44,13,56,704
2018,1,23,0,20,42,16,82,762
2018,1,24,0,2,45,44,45,764
2018,1,25,0,59,46,63,96,741
2018,1,26,0,0,37,0,54,731
2018,1,27,0,0,0,0,2,479
2018,1,28,0,0,0,0,0,354
2018,1,29,0,16,47,31,60,710
2018,1,30,0,8,42,37,58,874
2018,1,31,0,3,45,70,70,831
2018,2,1,0,12,36,96,93,742
2018,2,2,0,30,22,25,56,664
2018,2,3,0,0,2,0,0,465
2018,2,4,0,0,0,0,0,370
2018,2,5,0,23,52,28,43,634
2018,2,6,0,8,55,39,75,785
2018,2,7,0,7,46,84,68,857
2018,2,8,0,20,37,54,61,753
2018,2,9,0,59,52,17,51,748
2018,2,10,0,0,1,0,0,475
2018,2,11,0,0,0,0,0,470
2018,2,12,1,123,62,0,55,805
2018,2,13,1,21,59,24,105,827
2018,2,14,0,16,52,25,66,680
2018,2,15,1,11,32,96,58,709
2018,2,16,0,15,22,13,74,719
2018,2,17,0,0,2,0,0,381
2018,2,18,0,0,0,0,0,385
2018,2,19,0,0,0,0,1,601
2018,2,20,0,18,48,33,72,720
2018,2,21,0,5,50,56,82,820
2018,2,22,0,32,49,68,81,842
2018,2,23,0,20,57,21,75,743
2018,2,24,0,0,0,0,1,497
2018,2,25,0,0,0,0,0,506
2018,2,26,0,9,51,0,52,755
2018,2,27,0,15,35,79,102,795
2018,2,28,0,20,35,28,101,748
2018,3,1,0,36,32,38,53,760
2018,3,2,0,11,37,23,46,751
2018,3,3,0,0,1,0,1,429
2018,3,4,0,0,0,0,1,399
2018,3,5,1,0,62,17,57,699
2018,3,6,0,16,45,39,135,868
2018,3,7,0,39,42,14,83,760
2018,3,8,1,30,43,69,75,716
2018,3,9,0,6,38,29,65,654
2018,3,10,0,0,2,0,3,391
2018,3,11,0,0,0,0,0,350
2018,3,12,0,9,53,10,102,707
2018,3,13,0,7,38,71,60,762
2018,3,14,0,5,50,66,102,706
2018,3,15,0,32,39,49,58,757
2018,3,16,0,18,26,16,53,606
2018,3,17,0,0,0,0,0,377
2018,3,18,0,0,0,0,0,354
2018,3,19,0,156,76,0,87,718
2018,3,20,0,43,46,37,129,750
2018,3,21,1,2,47,53,71,740
2018,3,22,0,93,25,52,61,824
2018,3,23,0,39,50,14,82,697
2018,3,24,0,0,0,0,26,350
2018,3,25,0,0,0,0,27,420
2018,3,26,1,23,52,27,79,647
2018,3,27,0,26,50,35,103,781
2018,3,28,0,2,33,33,166,747
2018,3,29,0,37,47,57,94,707
2018,3,30,0,28,25,19,78,578
2018,3,31,0,0,0,0,29,322
2018,4,1,0,0,0,0,25,295
2018,4,2,0,0,42,84,88,779
2018,4,3,0,88,50,52,126,710
2018,4,4,0,1,40,58,181,776
2018,4,5,1,37,23,75,407,716
2018,4,6,0,58,33,10,377,585
2018,4,7,0,0,0,0,127,404
2018,4,8,0,0,0,0,0,419
2018,4,9,0,20,67,22,72,799
2018,4,10,0,185,51,67,102,773
2018,4,11,0,115,34,57,116,775
2018,4,12,0,103,24,60,86,750
2018,4,13,0,11,33,11,50,653
2018,4,14,0,0,0,0,5,347
2018,4,15,0,0,0,0,0,394
2018,4,16,0,26,50,33,61,670
2018,4,17,0,88,51,43,123,717
2018,4,18,0,10,51,71,88,726
2018,4,19,0,84,39,61,91,717
2018,4,20,1,46,33,4,83,800
2018,4,21,0,0,0,0,0,370
2018,4,22,0,0,0,0,0,336
2018,4,23,0,23,50,30,92,721
2018,4,24,0,45,50,86,138,822
2018,4,25,0,9,43,69,80,778
2018,4,26,0,48,34,23,110,767
2018,4,27,0,12,40,14,73,710
2018,4,28,0,0,0,0,1,400
2018,4,29,0,0,0,0,0,303
2018,4,30,0,30,59,18,63,666
2018,5,1,0,11,39,58,117,778
2018,5,2,0,44,35,83,110,692
2018,5,3,0,32,47,59,105,656
2018,5,4,0,26,36,37,110,701
2018,5,5,0,0,0,0,0,351
2018,5,6,0,0,0,0,0,327
2018,5,7,0,20,53,0,77,719
2018,5,8,0,29,26,59,144,680
2018,5,9,0,2,40,49,98,657
2018,5,10,0,42,40,65,104,655
2018,5,11,0,36,40,16,74,617
2018,5,12,0,0,0,0,3,415
2018,5,13,0,0,0,0,0,288
2018,5,14,0,63,74,11,70,690
2018,5,15,0,77,45,13,102,756
2018,5,16,0,39,50,90,118,772
2018,5,17,0,29,35,33,119,670
2018,5,18,0,13,39,19,70,545
2018,5,19,0,0,0,0,3,343
2018,5,20,0,0,0,0,0,338
2018,5,21,0,16,60,9,48,621
2018,5,22,0,72,35,68,114,647
2018,5,23,0,49,32,49,108,717
2018,5,24,0,33,39,16,102,660
2018,5,25,0,8,34,13,68,520
2018,5,26,0,0,0,0,4,320
2018,5,27,0,0,0,0,0,295
2018,5,28,0,0,0,0,0,317
2018,5,29,0,20,63,12,90,556
2018,5,30,0,124,61,28,63,642
2018,5,31,0,14,47,53,78,686
2018,6,1,0,13,48,9,82,552
2018,6,2,0,0,0,0,1,372
2018,6,3,0,0,0,0,0,322
2018,6,4,0,27,74,71,83,640
2018,6,5,0,40,46,20,131,768
2018,6,6,0,12,36,76,102,718
2018,6,7,0,22,35,26,78,651
2018,6,8,0,18,39,10,73,611
2018,6,9,0,0,0,0,9,303
2018,6,10,0,0,0,0,0,313
2018,6,11,1,0,60,6,47,595
2018,6,12,0,31,32,41,98,737
2018,6,13,0,10,38,96,90,689
2018,6,14,0,19,42,61,104,663
2018,6,15,0,22,52,0,45,606
2018,6,16,0,0,4,0,0,332
2018,6,17,0,0,0,0,0,233
2018,6,18,0,2,60,7,66,593
2018,6,19,0,12,60,28,89,668
2018,6,20,1,5,43,40,71,673
2018,6,21,0,6,51,52,56,581
2018,6,22,0,23,41,2,45,621
2018,6,23,0,0,0,0,2,243
2018,6,24,0,0,0,0,0,366
2018,6,25,2,21,54,18,50,745
2018,6,26,0,4,50,37,117,758
2018,6,27,0,4,30,64,82,634
2018,6,28,0,8,39,74,72,617
2018,6,29,0,5,38,2,63,520
2018,6,30,0,0,0,0,28,284
2018,7,1,0,0,0,0,36,285
2018,7,2,0,7,57,10,73,545
2018,7,3,0,43,42,27,129,706
2018,7,4,0,0,0,0,33,400
2018,7,5,0,8,67,22,92,677
2018,7,6,0,37,39,53,106,585
2018,7,7,0,0,2,0,35,337
2018,7,8,0,0,0,0,21,327
2018,7,9,0,3,47,15,79,655
2018,7,10,0,27,57,45,83,710
2018,7,11,0,4,62,46,76,661
2018,7,12,0,19,49,46,118,697
2018,7,13,1,8,41,13,74,618
2018,7,14,0,0,0,0,0,348
2018,7,15,0,0,0,0,0,309
2018,7,16,0,16,54,22,24,621
2018,7,17,0,23,37,6,137,701
2018,7,18,0,14,46,33,88,646
2018,7,19,0,26,47,86,101,633
2018,7,20,0,35,35,19,64,591
2018,7,21,0,0,0,0,1,384
2018,7,22,0,0,0,0,0,308
2018,7,23,0,2,48,13,74,617
2018,7,24,0,32,29,36,104,709
2018,7,25,0,11,34,53,86,779
2018,7,26,0,22,56,28,99,627
2018,7,27,0,3,44,8,69,591
2018,7,28,0,0,0,0,23,321
2018,7,29,0,0,0,0,0,257
2018,7,30,0,32,64,20,62,611
2018,7,31,0,15,44,21,106,703
2018,8,1,0,37,48,68,95,737
2018,8,2,1,32,44,65,95,677
2018,8,3,0,5,50,11,74,556
2018,8,4,0,0,0,0,1,379
2018,8,5,0,0,0,0,0,299
2018,8,6,0,24,58,8,102,663
2018,8,7,0,30,45,66,89,699
2018,8,8,0,19,44,59,86,729
2018,8,9,0,9,60,8,82,525
2018,8,10,0,8,35,7,71,669
2018,8,11,0,0,1,0,3,323
2018,8,12,0,0,0,0,1,385
2018,8,13,0,9,52,8,50,662
2018,8,14,0,13,56,63,139,660
2018,8,15,0,10,34,53,86,687
2018,8,16,0,5,34,8,64,636
2018,8,17,0,11,52,7,74,571
2018,8,18,0,0,5,0,4,320
2018,8,19,0,0,0,0,0,335
2018,8,20,0,38,63,33,55,659
2018,8,21,0,11,60,38,108,765
2018,8,22,0,7,52,60,96,631
2018,8,23,0,27,50,15,59,666
2018,8,24,0,20,44,2,45,590
2018,8,25,0,0,0,0,0,357
2018,8,26,0,0,0,0,1,265
2018,8,27,0,41,47,29,48,561
2018,8,28,0,12,37,24,108,737
2018,8,29,0,7,51,105,67,649
2018,8,30,0,19,35,21,104,646
2018,8,31,0,29,34,18,64,531
2018,9,1,0,0,0,0,1,267
2018,9,2,0,0,0,0,0,256
2018,9,3,0,0,0,0,0,366
2018,9,4,0,32,49,3,138,638
2018,9,5,0,7,47,111,175,601
2018,9,6,0,26,54,76,114,560
2018,9,7,0,19,31,12,108,563
2018,9,8,0,0,0,0,7,345
2018,9,9,0,0,0,0,0,259
2018,9,10,0,69,45,16,62,625
2018,9,11,0,68,55,18,93,643
2018,9,12,0,11,57,71,105,701
2018,9,13,0,20,34,21,71,640
2018,9,14,0,14,37,18,79,558
2018,9,15,0,0,0,0,4,306
2018,9,16,0,0,0,0,0,322
2018,9,17,0,11,57,14,62,669
2018,9,18,0,10,44,57,131,652
2018,9,19,1,6,56,59,108,624
2018,9,20,0,12,35,69,128,614
2018,9,21,0,2,46,15,58,706
2018,9,22,0,0,1,0,1,326
2018,9,23,0,0,0,0,0,327
2018,9,24,1,3,51,1,60,612
2018,9,25,0,5,57,45,126,609
2018,9,26,0,6,56,75,83,697
2018,9,27,0,16,47,37,78,641
2018,9,28,0,5,38,31,69,516
2018,9,29,0,0,0,0,1,296
2018,9,30,0,0,0,0,0,285
2018,10,1,0,10,57,3,95,636
2018,10,2,0,2,49,124,99,717
2018,10,3,0,11,44,86,80,695
2018,10,4,0,16,59,61,73,597
2018,10,5,0,15,48,8,46,562
2018,10,6,0,0,0,0,1,291
2018,10,7,0,0,0,0,0,270
2018,10,8,0,0,0,0,1,545
2018,10,9,0,3,57,4,52,659
2018,10,10,0,23,38,18,159,683
2018,10,11,1,14,52,103,75,677
2018,10,12,0,37,49,26,59,632
2018,10,13,0,0,0,0,0,335
2018,10,14,0,0,0,0,0,264
2018,10,15,0,9,66,0,75,714
2018,10,16,0,14,69,49,107,798
2018,10,17,0,0,57,82,124,743
2018,10,18,0,9,47,12,97,681
2018,10,19,0,17,31,8,94,625
2018,10,20,0,0,0,0,3,333
2018,10,21,0,0,0,0,0,313
2018,10,22,0,26,74,19,89,595
2018,10,23,0,1,56,38,91,668
2018,10,24,0,14,56,90,81,695
2018,10,25,1,5,46,12,67,641
2018,10,26,0,0,52,23,78,634
2018,10,27,0,0,1,0,7,333
2018,10,28,0,0,0,0,29,290
2018,10,29,0,1,70,17,81,716
2018,10,30,0,14,55,35,123,687
2018,10,31,0,8,39,31,77,641
2018,11,1,0,12,69,46,102,615
2018,11,2,0,6,53,11,75,620
2018,11,3,0,0,0,0,1,354
2018,11,4,0,0,0,0,0,307
2018,11,5,0,17,48,8,68,571
2018,11,6,1,14,51,39,126,683
2018,11,7,0,15,46,86,75,712
2018,11,8,0,10,41,8,85,668
2018,11,9,0,17,50,13,63,585
2018,11,10,0,0,4,0,0,276
2018,11,11,0,0,0,0,0,212
2018,11,12,0,0,0,0,1,556
2018,11,13,0,47,43,26,54,602
2018,11,14,0,7,59,16,135,662
2018,11,15,0,1,57,89,106,644
2018,11,16,0,27,43,42,83,600
2018,11,17,0,0,1,0,2,362
2018,11,18,0,0,0,0,0,240
2018,11,19,0,7,59,7,85,501
2018,11,20,0,2,46,28,143,644
2018,11,21,0,0,29,72,70,505
2018,11,22,0,0,1,0,1,270
2018,11,23,0,5,16,16,32,296
2018,11,24,0,0,1,0,0,352
2018,11,25,0,0,0,0,0,278
2018,11,26,0,5,55,12,61,680
2018,11,27,0,4,74,44,69,734
2018,11,28,0,13,42,27,81,681
2018,11,29,0,12,64,6,87,698
2018,11,30,0,5,69,1,71,632
2018,12,1,0,0,1,0,1,370
2018,12,2,0,0,0,0,0,307
2018,12,3,0,15,64,21,63,542
2018,12,4,0,8,43,2,97,668
2018,12,5,0,0,3,0,49,688
2018,12,6,0,0,63,88,89,643
2018,12,7,0,9,46,15,97,579
2018,12,8,0,0,0,0,5,313
2018,12,9,0,0,0,0,0,300
2018,12,10,0,7,49,22,61,557
2018,12,11,1,14,55,8,89,691
2018,12,12,0,5,52,36,159,653
2018,12,13,0,9,57,42,67,668
2018,12,14,0,7,60,24,58,580
2018,12,15,0,0,5,0,0,359
2018,12,16,0,0,0,0,0,271
2018,12,17,0,6,71,7,113,530
2018,12,18,0,7,57,61,102,696
2018,12,19,0,4,43,54,71,680
2018,12,20,0,7,56,52,76,604
2018,12,21,0,11,41,7,57,619
2018,12,22,0,0,1,0,0,278
2018,12,23,0,0,0,0,0,245
2018,12,24,0,0,0,0,26,388
2018,12,25,0,0,0,0,0,190
2018,12,26,0,15,45,28,123,567
2018,12,27,0,6,55,88,110,648
2018,12,28,0,5,49,21,65,583
2018,12,29,0,0,3,0,3,372
2018,12,30,0,0,0,0,0,239
2018,12,31,0,15,24,5,72,397
2019,1,1,0,0,0,0,0,228
2019,1,2,0,11,44,47,79,505
2019,1,3,0,2,53,17,88,675
2019,1,4,0,4,37,2,68,560
2019,1,5,0,0,0,0,7,376
2019,1,6,0,0,0,0,0,255
2019,1,7,0,6,45,3,50,587
2019,1,8,0,3,41,76,57,627
2019,1,9,0,3,30,27,60,659
2019,1,10,0,15,37,2,49,577
2019,1,11,0,9,19,27,69,543
2019,1,12,0,0,3,0,0,343
2019,1,13,0,0,0,0,0,339
2019,1,14,0,5,47,4,52,646
2019,1,15,0,16,35,65,80,631
2019,1,16,0,1,24,38,81,636
2019,1,17,0,3,41,0,53,642
2019,1,18,0,9,27,13,52,506
2019,1,19,0,0,1,0,0,339
2019,1,20,0,0,0,0,0,237
2019,1,21,0,0,0,0,0,420
2019,1,22,0,14,39,15,53,543
2019,1,23,0,4,46,40,55,578
2019,1,24,0,5,40,30,81,585
2019,1,25,0,2,39,29,61,561
2019,1,26,0,0,1,0,1,331
2019,1,27,0,0,0,0,0,311
2019,1,28,0,1,70,0,55,591
2019,1,29,0,9,68,5,67,676
2019,1,30,0,2,59,74,67,742
2019,1,31,0,7,58,54,49,752
2019,2,1,0,4,62,1,48,648
2019,2,2,0,0,2,0,5,411
2019,2,3,0,0,0,0,0,351
2019,2,4,0,0,68,2,49,651
2019,2,5,0,3,50,13,108,704
2019,2,6,0,4,56,51,94,734
2019,2,7,0,0,65,1,52,695
2019,2,8,0,0,48,0,58,712
2019,2,9,0,0,3,0,0,480
2019,2,10,0,0,0,0,0,386
2019,2,11,0,0,69,5,57,699
2019,2,12,0,0,68,0,53,845
2019,2,13,0,0,56,4,77,750
2019,2,14,0,1,62,46,57,711
2019,2,15,0,7,52,1,55,637
2019,2,16,0,0,7,0,0,361
2019,2,17,0,0,0,0,0,320
2019,2,18,0,0,0,0,1,588
2019,2,19,0,0,43,1,48,810
2019,2,20,0,1,54,2,102,824
2019,2,21,1,12,62,18,85,724
2019,2,22,0,5,59,20,92,728
2019,2,23,0,1,2,31,40,384
2019,2,24,0,0,0,0,0,403
2019,2,25,0,0,60,2,86,614
2019,2,26,0,3,51,1,118,755
2019,2,27,0,0,64,18,75,723
2019,2,28,0,2,61,19,68,734
2019,3,1,0,0,44,3,60,706
2019,3,2,0,0,4,0,2,404
2019,3,3,0,0,0,0,0,343
2019,3,4,0,5,85,39,89,748
2019,3,5,0,13,65,8,54,894
2019,3,6,0,4,52,63,84,634
2019,3,7,0,13,59,6,134,725
2019,3,8,0,2,51,74,111,711
2019,3,9,0,0,2,0,22,484
2019,3,10,0,0,0,0,0,373
2019,3,11,0,9,76,1,51,608
2019,3,12,0,6,69,13,71,896
2019,3,13,0,19,84,6,88,798
2019,3,14,0,6,51,74,85,682
2019,3,15,0,10,39,17,61,771
2019,3,16,0,0,0,23,2,396
2019,3,17,0,0,0,0,0,332
2019,3,18,0,11,62,17,80,641
2019,3,19,1,3,83,1,118,839
2019,3,20,0,6,58,28,83,842
2019,3,21,0,6,48,3,106,805
2019,3,22,0,4,47,13,61,702
2019,3,23,0,22,0,18,6,388
2019,3,24,0,0,0,0,0,315
2019,3,25,0,7,64,1,81,710
2019,3,26,0,5,81,10,86,811
2019,3,27,0,4,64,46,69,782
2019,3,28,3,7,60,67,80,743
2019,3,29,0,20,55,54,79,680
2019,3,30,0,24,0,10,12,419
2019,3,31,0,0,0,0,0,356
2019,4,1,0,2,72,13,59,727
2019,4,2,0,7,78,6,116,864
2019,4,3,0,10,75,32,87,760
2019,4,4,0,7,59,38,85,739
2019,4,5,0,9,47,38,91,673
2019,4,6,0,13,0,3,2,422
2019,4,7,0,0,0,0,0,387
2019,4,8,0,8,66,1,42,729
2019,4,9,0,10,81,17,93,837
2019,4,10,0,13,75,34,86,742
2019,4,11,0,17,43,58,75,881
2019,4,12,0,7,64,13,68,688
2019,4,13,0,5,0,16,11,392
2019,4,14,0,0,0,0,0,312
2019,4,15,1,3,62,7,55,752
2019,4,16,0,7,58,62,75,763
2019,4,17,0,7,52,70,89,800
2019,4,18,0,10,62,40,89,663
2019,4,19,0,5,50,2,93,645
2019,4,20,0,12,0,18,56,320
2019,4,21,0,0,0,0,0,107
2019,4,22,0,45,56,16,66,450
2019,4,23,0,19,48,25,71,762
2019,4,24,0,1,75,61,87,754
2019,4,25,0,5,39,33,58,764
2019,4,26,0,11,57,9,70,724
2019,4,27,0,0,1,34,3,452
2019,4,28,0,0,0,0,0,363
2019,4,29,0,9,62,13,75,678
2019,4,30,0,22,57,18,78,711
2019,5,1,0,23,45,50,77,717
2019,5,2,0,5,44,30,86,842
2019,5,3,0,13,69,12,91,662
2019,5,4,0,2,3,5,22,357
2019,5,5,0,0,0,0,0,385
2019,5,6,0,0,63,3,99,641
2019,5,7,0,11,66,17,61,793
2019,5,8,0,8,65,17,69,767
2019,5,9,0,8,52,36,68,652
2019,5,10,0,10,49,17,69,709
2019,5,11,0,0,0,81,44,425
2019,5,12,0,0,0,0,0,336
2019,5,13,0,8,56,8,50,692
2019,5,14,0,3,57,20,90,833
2019,5,15,0,10,79,36,92,759
2019,5,16,0,1,55,68,61,814
2019,5,17,0,0,64,16,49,677
2019,5,18,0,0,5,20,3,438
2019,5,19,0,0,0,0,0,373
2019,5,20,0,1,59,23,62,642
2019,5,21,0,2,60,16,120,824
2019,5,22,0,11,60,10,85,874
2019,5,23,0,7,69,31,95,694
2019,5,24,0,0,48,8,54,691
2019,5,25,0,0,0,44,5,411
2019,5,26,0,0,0,0,0,298
2019,5,27,0,0,0,0,0,344
2019,5,28,0,12,48,44,94,708
2019,5,29,0,8,63,4,68,904
2019,5,30,0,10,56,61,101,800
2019,5,31,0,15,66,66,93,775
2019,6,1,0,0,3,1,5,368
2019,6,2,0,0,0,0,0,417
2019,6,3,0,1,56,13,77,714
2019,6,4,0,3,71,11,77,700
2019,6,5,0,13,60,27,93,783
2019,6,6,0,6,58,57,46,739
2019,6,7,0,4,52,41,73,683
2019,6,8,0,0,3,0,1,472
2019,6,9,0,0,0,0,0,454
2019,6,10,0,7,69,11,53,727
2019,6,11,0,20,77,15,86,856
2019,6,12,0,6,50,74,65,960
2019,6,13,0,8,71,18,78,810
2019,6,14,0,14,51,21,66,628
2019,6,15,0,2,1,60,4,401
2019,6,16,0,0,0,0,0,386
2019,6,17,0,4,66,2,56,787
2019,6,18,0,2,77,0,58,942
2019,6,19,0,14,77,32,76,794
2019,6,20,0,4,52,13,82,843
2019,6,21,0,7,48,9,41,771
2019,6,22,0,47,1,0,2,421
2019,6,23,0,0,0,0,0,406
2019,6,24,0,12,61,64,60,833
2019,6,25,0,7,62,33,89,847
2019,6,26,0,4,63,43,57,814
2019,6,27,0,0,72,57,61,705
2019,6,28,0,52,54,70,59,643
2019,6,29,0,8,1,71,26,432
2019,6,30,0,0,0,0,0,388
2019,7,1,0,1,50,46,127,669
2019,7,2,0,18,64,13,72,804
2019,7,3,0,41,58,39,91,759
2019,7,4,0,0,0,0,0,393
2019,7,5,0,20,42,45,103,551
2019,7,6,0,0,0,0,8,414
2019,7,7,0,0,0,0,0,364
2019,7,8,0,8,73,0,63,786
2019,7,9,0,6,90,42,67,860
2019,7,10,0,17,77,21,72,787
2019,7,11,0,1,68,103,109,755
2019,7,12,0,21,70,15,76,743
2019,7,13,0,0,0,1,1,466
2019,7,14,0,0,0,0,0,285
2019,7,15,0,15,54,38,86,723
2019,7,16,0,8,85,27,68,869
2019,7,17,0,28,66,61,98,801
2019,7,18,0,16,59,43,58,795
2019,7,19,0,6,59,6,51,675
2019,7,20,0,0,2,0,1,460
2019,7,21,0,0,0,0,0,331
2019,7,22,0,6,70,36,75,789
2019,7,23,0,41,74,12,77,796
2019,7,24,0,0,75,61,58,765
2019,7,25,1,6,76,24,85,918
2019,7,26,0,15,63,9,66,674
2019,7,27,0,0,1,0,0,436
2019,7,28,0,0,0,0,0,448
2019,7,29,1,3,66,73,92,796
2019,7,30,0,7,72,48,82,964
2019,7,31,0,5,61,29,81,897
2019,8,1,0,4,64,3,94,828
2019,8,2,0,7,67,20,58,795
2019,8,3,0,0,0,0,1,441
2019,8,4,0,0,0,0,0,406
2019,8,5,0,29,69,15,72,771
2019,8,6,0,3,81,39,69,889
2019,8,7,0,26,62,12,127,875
2019,8,8,0,5,76,7,69,821
2019,8,9,0,6,85,16,96,795
2019,8,10,0,0,0,0,0,420
2019,8,11,0,0,0,0,0,382
2019,8,12,0,65,82,56,83,777
2019,8,13,0,19,66,27,101,985
2019,8,14,0,16,81,30,74,846
2019,8,15,0,10,75,17,65,917
2019,8,16,0,6,55,50,64,809
2019,8,17,0,0,0,0,10,452
2019,8,18,0,0,0,0,0,419
2019,8,19,0,14,81,46,51,681
2019,8,20,0,5,66,32,104,997
2019,8,21,1,6,70,29,77,953
2019,8,22,2,1,72,7,77,813
2019,8,23,0,1,75,10,74,712
2019,8,24,0,0,2,0,0,435
2019,8,25,0,0,0,0,0,366
2019,8,26,0,13,88,28,54,785
2019,8,27,0,4,71,38,66,857
2019,8,28,0,10,77,20,88,850
2019,8,29,0,0,69,42,87,802
2019,8,30,0,3,57,15,91,638
2019,8,31,0,0,1,0,3,380
2019,9,1,0,0,0,0,0,366
2019,9,2,0,0,0,0,0,398
2019,9,3,0,12,62,14,73,773
2019,9,4,0,11,59,27,59,739
2019,9,5,0,6,68,66,97,806
2019,9,6,1,1,65,46,87,740
2019,9,7,0,2,0,9,24,475
2019,9,8,0,0,0,0,0,371
2019,9,9,0,2,92,2,69,799
2019,9,10,0,3,80,23,54,933
2019,9,11,0,1,74,40,92,840
2019,9,12,0,7,69,21,89,793
2019,9,13,0,3,85,23,89,756
2019,9,14,0,0,0,0,8,511
2019,9,15,0,0,0,0,0,364
2019,9,16,0,6,83,3,47,733
2019,9,17,1,3,79,50,65,939
2019,9,18,1,1,80,9,61,771
2019,9,19,0,3,73,29,54,879
2019,9,20,1,2,72,11,82,713
2019,9,21,0,8,0,3,8,430
2019,9,22,0,0,0,0,0,353
2019,9,23,0,0,82,10,61,754
2019,9,24,0,4,92,28,70,896
2019,9,25,2,5,90,31,68,850
2019,9,26,0,1,67,52,56,761
2019,9,27,0,4,83,7,92,669
2019,9,28,0,5,1,2,17,449
2019,9,29,0,0,0,0,0,361
2019,9,30,0,5,83,3,41,747
2019,10,1,0,1,76,57,94,790
2019,10,2,0,0,62,51,79,872
2019,10,3,0,3,101,25,72,778
2019,10,4,2,3,78,17,88,804
2019,10,5,0,0,0,0,2,422
2019,10,6,0,0,0,0,0,345
2019,10,7,0,0,1,0,48,742
2019,10,8,4,6,86,13,88,843
2019,10,9,0,2,80,39,85,814
2019,10,10,0,6,85,36,70,733
2019,10,11,0,6,72,9,60,657
2019,10,12,0,0,1,0,0,394
2019,10,13,0,0,0,0,0,381
2019,10,14,0,0,0,0,1,665
2019,10,15,0,18,108,33,83,804
2019,10,16,0,11,111,46,84,898
2019,10,17,0,3,79,31,87,796
2019,10,18,0,2,83,6,84,753
2019,10,19,0,0,0,0,2,402
2019,10,20,0,0,0,0,0,406
2019,10,21,0,5,83,26,78,802
2019,10,22,0,1,95,41,78,964
2019,10,23,0,1,82,31,82,892
2019,10,24,0,2,67,46,63,800
2019,10,25,0,11,61,9,64,689
2019,10,26,0,0,0,0,1,375
2019,10,27,0,0,0,0,0,400
2019,10,28,0,4,82,18,82,775
2019,10,29,0,4,78,53,62,888
2019,10,30,0,0,86,3,73,847
2019,10,31,0,3,58,38,92,790
2019,11,1,0,2,44,15,42,714
2019,11,2,0,0,1,0,0,442
2019,11,3,0,0,0,0,0,334
2019,11,4,0,8,49,25,52,674
2019,11,5,1,9,38,35,42,632
2019,11,6,0,0,30,18,16,258
2019,11,7,0,2,23,16,28,323
2019,11,8,0,0,12,3,27,258
2019,11,9,0,0,0,0,1,140
2019,11,10,0,0,0,0,0,112
2019,11,11,0,0,0,0,0,211
2019,11,12,0,1,16,3,7,203
2019,11,13,0,0,9,11,14,241
2019,11,14,0,0,7,0,4,84
2019,11,15,0,0,6,1,6,40
2019,11,16,0,0,0,0,0,24
2019,11,17,0,0,0,0,0,22
2019,11,18,0,0,1,0,0,16
