"ip","count"
64.62.145.98,414
210.118.169.20,410
210.116.59.164,179
4.152.207.238,94
210.51.12.238,92
64.122.238.114,91
220.170.88.36,63
222.95.35.200,51
4.152.207.126,46
210.127.248.52,46
216.105.210.91,45
66.99.250.98,42
66.173.230.27,40
222.95.32.114,38
61.166.155.162,38
61.178.79.227,34
63.202.179.73,32
67.162.217.35,32
216.171.174.124,28
211.229.45.67,23
82.229.169.73,23
69.86.160.253,23
65.117.45.251,23
220.95.232.60,23
217.162.121.21,23
4.249.111.162,23
220.95.231.3,23
61.81.96.175,23
219.245.156.12,23
148.245.28.39,21
24.18.186.248,16
172.169.6.104,16
220.28.212.176,16
60.248.26.50,16
69.86.164.233,16
221.184.100.13,16
67.181.19.171,16
69.233.130.234,16
211.59.0.204,16
211.211.4.51,16
81.193.64.246,16
61.235.189.106,16
24.19.201.156,16
69.153.13.148,16
201.129.65.141,16
172.155.203.99,16
24.5.169.95,16
69.210.209.141,16
68.55.90.67,16
24.107.54.128,16
221.234.48.249,16
24.99.140.64,16
69.229.28.252,16
211.59.0.40,16
67.162.253.25,16
60.248.32.153,16
203.112.195.156,16
61.219.99.89,16
221.189.148.73,16
211.200.172.163,16
82.154.66.15,16
67.162.65.157,16
68.233.81.168,16
69.158.2.56,15
24.60.73.107,15
212.203.66.69,13
194.225.176.4,12
201.130.217.132,11
80.161.21.71,11
222.95.39.192,9
218.28.40.100,8
222.95.35.165,8
218.7.163.19,7
211.22.73.68,6
61.157.206.11,5
63.226.106.228,5
81.6.250.202,4
60.210.131.23,4
200.87.201.251,4
67.133.116.245,4
65.96.54.37,4
63.102.226.241,4
219.153.10.142,3
211.144.162.173,3
61.30.127.4,3
63.245.85.123,3
65.163.207.149,3
221.210.34.10,3
204.76.166.50,3
146.184.4.59,3
35.11.228.62,3
218.78.209.77,2
219.153.10.140,2
218.78.209.75,2
143.127.131.4,2
64.85.244.116,2
68.214.68.216,2
202.253.200.65,2
67.176.32.32,2
222.95.34.31,2
65.106.89.67,2
209.213.220.227,2
61.158.118.13,2
213.135.2.227,2
80.63.59.10,2
65.122.119.10,2
218.75.144.177,2
169.152.251.99,2
66.30.71.74,2
82.49.16.150,2
203.197.81.72,2
219.150.244.58,2
68.209.255.26,2
148.244.150.58,2
218.6.162.19,2
67.176.77.187,2
222.166.160.215,2
203.160.1.69,2
70.183.86.76,2
80.100.183.164,2
65.115.46.225,2
192.195.225.6,2
222.166.160.191,1
64.192.109.56,1
218.30.139.50,1
172.168.100.47,1
65.187.197.175,1
12.8.192.60,1
24.59.93.128,1
218.78.209.67,1
61.10.7.238,1
219.153.10.141,1
218.78.209.79,1
67.104.133.214,1
69.17.223.1,1
69.180.27.40,1
69.132.61.203,1
219.159.11.242,1
61.164.228.76,1
210.139.114.144,1
61.186.47.103,1
216.10.108.138,1
61.180.25.164,1
209.137.237.154,1
12.33.114.7,1
220.168.210.35,1
222.166.160.220,1
61.10.7.168,1
218.106.185.78,1
222.84.42.191,1
218.11.1.50,1
66.42.59.82,1
63.175.119.2,1
63.162.143.21,1
66.117.40.185,1
219.134.43.80,1
218.242.255.106,1
64.192.107.195,1
68.223.144.102,1
216.70.251.2,1
222.83.129.198,1
218.22.120.198,1
62.177.153.106,1
222.166.160.87,1
70.48.9.26,1
221.79.146.7,1
24.94.203.115,1
199.63.0.1,1
66.255.109.222,1
222.166.160.129,1
210.22.146.234,1
61.183.208.219,1
61.10.7.127,1
65.202.15.194,1
211.22.102.234,1
61.190.72.114,1
218.74.23.91,1
218.26.187.153,1
218.22.22.40,1
68.255.20.187,1
68.114.252.174,1
66.2.146.132,1
222.166.160.61,1
222.145.154.65,1
62.254.0.34,1
218.23.173.86,1
66.122.51.240,1
202.75.41.30,1
218.13.10.250,1
218.55.149.121,1
221.0.238.83,1
68.219.234.177,1
70.178.129.244,1
61.153.220.158,1
80.63.173.34,1
217.45.201.185,1
61.10.7.95,1
64.65.145.229,1
222.89.64.11,1
137.65.139.20,1
70.182.71.8,1
64.83.24.184,1
69.41.96.32,1
221.2.159.157,1
67.154.159.190,1
218.23.48.35,1
66.134.74.208,1
219.150.171.68,1
210.75.18.115,1
172.140.206.239,1
218.18.34.21,1
219.96.232.58,1
61.173.183.226,1
193.162.16.5,1
62.251.110.161,1
65.161.246.29,1
195.12.85.67,1
61.156.24.114,1
222.166.160.48,1
61.10.7.14,1
219.133.137.11,1
218.56.135.158,1
159.99.47.34,1
61.10.7.93,1
211.158.94.106,1
61.10.7.235,1
12.1.223.132,1
172.134.23.11,1
64.180.246.247,1
61.53.32.222,1
218.232.208.173,1
141.152.185.177,1
24.9.145.131,1
200.50.11.109,1
211.158.46.225,1
219.138.63.210,1
138.89.19.186,1
218.24.232.55,1
62.173.118.194,1
218.180.98.17,1
218.27.197.144,1
222.166.160.222,1
221.233.71.39,1
218.88.113.80,1
69.88.97.162,1
67.33.135.75,1
222.166.160.136,1
151.204.224.89,1
68.82.195.189,1
218.75.106.250,1
210.139.18.172,1
220.180.105.189,1
65.167.236.3,1
65.107.69.197,1
222.166.160.30,1
222.166.160.250,1
61.10.7.232,1
219.128.113.24,1
202.155.10.139,1
211.161.58.246,1
82.55.78.243,1
193.109.122.45,1
209.115.238.18,1
70.17.149.198,1
24.119.147.70,1
61.147.178.237,1
211.162.56.62,1
208.51.202.242,1
66.134.87.154,1
81.5.174.25,1
222.166.160.218,1
221.15.136.90,1
61.10.7.79,1
172.131.91.78,1
218.13.32.15,1
218.24.95.113,1
70.183.2.231,1
67.104.84.66,1
61.10.7.132,1
62.0.47.70,1
66.83.68.26,1
172.166.225.172,1
159.39.19.186,1
69.38.46.215,1
24.9.2.119,1
61.180.25.162,1
218.18.169.220,1
203.84.191.209,1
12.47.120.130,1
67.86.96.100,1
61.183.81.129,1
198.31.97.149,1
68.143.95.195,1
218.88.202.208,1
219.136.113.141,1
202.164.101.56,1
208.189.245.200,1
212.59.13.202,1
218.19.63.215,1
18.241.6.24,1
69.139.247.161,1
66.133.205.244,1
218.88.123.204,1
202.155.147.6,1
128.107.253.41,1
221.136.82.153,1
202.100.197.118,1
67.138.199.71,1
69.245.134.153,1
61.54.219.221,1
221.216.11.68,1
220.168.69.150,1
208.39.169.124,1
61.10.7.16,1
219.61.92.147,1
201.252.76.247,1
218.70.58.153,1
202.226.228.178,1
222.166.160.9,1
193.109.122.49,1
219.133.137.45,1
60.208.186.49,1
66.176.36.61,1
35.11.37.228,1
218.62.41.222,1
218.22.177.22,1
64.142.9.13,1
60.176.242.100,1
61.10.7.136,1
81.241.4.157,1
172.141.217.125,1
204.102.106.54,1
58.8.0.252,1
70.80.223.173,1
218.64.24.205,1
210.82.34.25,1
220.170.233.137,1
216.74.229.19,1
172.155.134.244,1
82.52.98.248,1
68.201.200.65,1
195.166.22.231,1
193.109.122.11,1
66.249.194.119,1
216.73.162.91,1
222.166.160.157,1
220.170.159.6,1
193.109.122.23,1
222.33.38.94,1
24.232.140.34,1
68.94.125.162,1
24.13.26.115,1
67.121.94.193,1
216.104.137.150,1
61.10.7.101,1
211.179.10.212,1
219.133.240.116,1
60.213.104.126,1
138.73.71.118,1
218.61.87.218,1
193.109.122.47,1
207.71.220.100,1
218.74.38.64,1
83.131.116.49,1
61.10.7.47,1
68.42.30.57,1
66.76.233.44,1
211.9.146.6,1
222.166.160.161,1
198.54.202.4,1
195.199.231.234,1
208.183.225.11,1
222.240.84.179,1
204.49.32.16,1
61.234.121.2,1
208.185.174.208,1
218.59.22.246,1
63.85.149.252,1
220.174.102.79,1
61.222.0.242,1
222.166.160.60,1
218.90.219.110,1
61.10.7.82,1
221.217.50.33,1
216.150.210.194,1
67.172.189.99,1
216.252.70.106,1
63.26.231.71,1
172.146.155.53,1
68.113.187.53,1
162.119.64.113,1
209.221.134.45,1
199.88.139.200,1
82.75.223.39,1
24.162.206.95,1
68.90.233.155,1
218.88.116.108,1
207.236.250.132,1
222.90.72.82,1
221.202.236.60,1
208.62.80.200,1
82.251.81.153,1
222.166.160.122,1
212.48.163.141,1
216.37.120.50,1
218.20.117.117,1
222.166.160.177,1
172.128.13.102,1
129.174.61.34,1
61.147.251.122,1
61.145.199.121,1
218.18.70.107,1
66.162.3.215,1
218.22.158.189,1
61.10.7.2,1
61.191.88.231,1
12.172.137.4,1
222.166.160.34,1
172.139.237.17,1
61.10.7.143,1
203.115.77.35,1
202.82.153.226,1
218.19.99.200,1
63.250.143.9,1
222.166.160.14,1
61.10.7.18,1
82.141.232.238,1
221.8.63.210,1
220.175.158.17,1
203.131.119.154,1
222.166.160.116,1
24.234.222.173,1
67.89.209.82,1
64.90.198.61,1
208.57.191.112,1
219.61.8.78,1
219.137.79.110,1
218.75.19.178,1
